id,firstName,lastName,worksTotal,gender,image,imageUrl,wikipediaUrl,notes,thumbnailFile,wikiDataId
2588,,"Charles Potter, New South Wales Government Printer",227,male,,,,,,
2734,Marian Ellis,Rowan,174,female,,https://www.nla.gov.au/sites/default/files/blogs/national_library_of_australia_nla.obj-134351633_800x12001_2.jpg,https://en.wikipedia.org/wiki/Ellis_Rowan,https://www.nla.gov.au/content/ellis-rowan-artist-and-naturalist. SL Collection search: https://collection.sl.nsw.gov.au/search?offset=0&authorIds=dYzRlXkpMjlZ. SL Digital search https://collection.sl.nsw.gov.au/digital/search?groupResultsByItem=true&offset=0&authorIds=Yp5nJ4RdqyJW,2734.jpg,Q5365986
301,Conrad,Martens,171,male,,https://files02.sl.nsw.gov.au/fotoweb/thumbnails/300_300/3140/31409221.jpg,https://en.wikipedia.org/wiki/Conrad_Martens,https://collection.sl.nsw.gov.au/record/9gkdazm9. SL Collection search: https://collection.sl.nsw.gov.au/search?offset=0&authorIds=Y0ADqqPlmL011. SL Digital search: https://collection.sl.nsw.gov.au/digital/search?groupResultsByItem=true&offset=0&authorIds=Qy9Aaa4Wkdy33,301.jpg,Q1126926
2069,Arthur,Collingridge de Tourcey,166,male,,https://files02.sl.nsw.gov.au/fotoweb/thumbnails/300_300/9299/92999801.jpg,,Self portrait: https://collection.sl.nsw.gov.au/digital/VRGbVqdW8XmxJ. SL Collection search: https://collection.sl.nsw.gov.au/search?authorIds=pNyk6bbDNkOPA. SL Digital search: https://collection.sl.nsw.gov.au/digital/search?groupResultsByItem=true&authorIds=pZ50WDDKZ0Xod,2069.jpg,
2912,,Unknown,4050,,,,,,,
1385,James,Mather,135,male,,,,,,
2318,Albert J,Hanson,128,male,,,,,,Q4710535
1039,Alfred James,Daplyn,120,male,,,,,,Q4722938
2062,Alfred R,Coffey,118,male,,,,,,Q20981251
1999,James Howe,Carse,118,male,,,,,,Q6136316
1835,Tom (Thomas William),Roberts,116,male,,,,,1835.jpg,Q1291901
2036,Nicholas,Chevalier,116,male,,,,,2036.jpg,Q7025198
2480,William Lister,Lister,113,male,,,,,2480.jpg,Q2579743
2665,William Charles,Piguenit,109,male,,,,,2665.jpg,Q8016899
2384,Charles Henry,Hunt,103,male,,,,,,Q43131781
2241,Albert Henry,Fullwood,101,male,,,,,2241.jpg,Q4710452
1243,John Barr Clarke,Hoyte,100,male,,,,,,Q16058691
1532,Julian Rossi,Ashton,99,male,,https://files02.sl.nsw.gov.au/fotoweb/thumbnails/300_300/9642/96425215.jpg,,https://collection.sl.nsw.gov.au/digital/GVOe2QgrzKmM3. http://digital.sl.nsw.gov.au/delivery/DeliveryManagerServlet?embedded=true&toolbar=false&dps_pid=IE9642521&_ga=2.250645126.1663725814.1600647008-746918018.1517782111,1532.jpg,Q6306955
439,Thomas E,Richards,94,male,,,,,,
2070,George Alphonse,Collingridge de Tourcey,92,male,,,,,,Q21538013
454,Elizabeth,Parsons,91,female,,https://www.ssgreatbritain.org/sites/default/files/styles/hero_general/public/blog/elizabeth_parsons.jpg?itok=x0wQEXm0,,https://www.ssgreatbritain.org/about-us/blog/international-womens-day,454.jpg,
2824,Arthur Ernest,Streeton,89,male,,https://upload.wikimedia.org/wikipedia/commons/8/8c/Untitled_%28Portrait_of_Arthur_Streeton%29.jpg,,,2824.jpg,Q709280
1386,John,Mather,84,male,,,,,,Q6247137
1412,Eliezer Levi,Montefiore,76,male,,,,https://www.ngv.vic.gov.au/essay/an-enthusiastic-amateur-of-the-arts-eliezer-levi-montefiore-in-melbourne-1853-71/,,Q21537242
2707,Charles Douglas,Richardson,74,male,,,,,,Q5076950
841,William,Andrews,70,male,,,,,,
2350,Charles Edward,Hern,70,male,,,,,,Q38084618
2106,Edith E.,Cusack,69,female,,,,https://trove.nla.gov.au/people/1485316,,Q83520166
2750,Jessie E,Scarvell,69,female,,,,"https://www.davidsonauctions.com.au/files/a_womans_impression_and_its_influences_2019_july.pdf, https://www.artgallery.nsw.gov.au/collection/works/6020/",,Q21329105
2091,Gordon,Coutts,67,male,,,,,,
2079,Charles Edward,Conder,66,male,,https://upload.wikimedia.org/wikipedia/commons/a/af/Charles_Conder_portrait.jpg,https://en.wikipedia.org/wiki/Charles_Conder,,2079.jpg,Q1284465
246,Ethel Anna,Stephens,65,female,,,,https://trove.nla.gov.au/people/1486484?c=people,,
2908,P Fletcher,Watson,65,male,,,,https://trove.nla.gov.au/people/1487537,,Q41347553
1523,John Skinner,Prout,61,male,,https://upload.wikimedia.org/wikipedia/commons/4/47/Portrait_of_John_Skinner_Prout.jpg,,,1523.jpg,Q6258102
245,Mary,Stoddard,60,female,,https://upload.wikimedia.org/wikipedia/commons/d/de/Mary_Stoddard%2C_c.1900.png,https://en.wikipedia.org/wiki/Mary_Stoddard,https://collections.tepapa.govt.nz/agent/2162,245.jpg,Q21536657
1537,William Henry,Raworth,56,male,,,,https://www.invaluable.com/artist/raworth-william-henry-ti39gbxaxt/sold-at-auction-prices/,,
712,Joseph Arthur,Bennett,55,male,,https://image.invaluable.com/housePhotos/Gowans/62/321362/H4189-L29305820.jpg,,https://www.invaluable.com/auction-lot/oil-on-glass-joseph-arthur-bennett-1853-1929-237-c-b830e7b017#,712.jpg,
1831,Walter Brookes,Spong,54,male,,,,,,
480,Edward,Roper,53,male,,https://samizdatpress.typepad.com/spring_2012_hamilton_arts/images/Edward-Roper-intro-1.jpg,,,480.jpg,
2600,John Hubert,Newman,53,male,,,,,,
2810,Percy Frederick Seaton,Spence,52,male,,http://acdoyle.ru/painters/spence_p/spence_p.jpg,,https://www.npg.org.uk/collections/search/person/mp07591/percy-frederick-seaton-spence,2810.jpg,
2077,Edward,"Combes

Combes",51,male,,https://digital.sl.nsw.gov.au/delivery/StreamGate?dps_dvs=1601517748937~890&dps_pid=FL1812025,,http://image.sl.nsw.gov.au/cgi-bin/ebindshow.pl?doc=px_d624/a1304;thumbs=1,,
2207,Paul Heinrich Matthias,Foelsche,49,male,,https://territorystories.nt.gov.au/jspui/retrieve/b5882ad9-800f-43e0-aca2-e89c180aba76/PH0057-0107.tif.preview.jpg,,,,
2547,Benjamin Edwin,Minns,48,male,,https://upload.wikimedia.org/wikipedia/commons/thumb/0/0d/Self-Portrait_by_Benjamin_Edwin_Minns_%281913%29.jpg/808px-Self-Portrait_by_Benjamin_Edwin_Minns_%281913%29.jpg,,,2547.jpg,
2081,Ebenezer Wake,Cook,48,male,,,,https://www.artgallery.nsw.gov.au/collection/artists/cook-ebenezer-wake/,,
1981,John Wesley,Burtt,48,male,,https://www.beforefelton.com/wp-content/uploads/sites/2/2019/03/Unknown-Burtt-Sir-Charles-Darling-768x911.jpg,,May not be him,1981.jpg,
2506,,Marion & Co.,48,,,,,http://historiccamera.com/cgi-bin/librarium2/pm.cgi?action=app_display&app=datasheet&app_id=2442,,
1097,Francis Blower,Gibbes,47,male,,,,,,
2791,John,Smedley,46,male,,,,,,
1665,Alice E,Norton,45,female,,,,,,
275,Ernest William,Minchin,45,male,,,,,,
1884,George Rossi,Ashton,44,male,,https://media.artgallery.nsw.gov.au/thumbnails/collection_images/8/848%23%23S.jpg.484x605_q85.jpg,,,1884.jpg,
293,Harold,Brees,43,male,,,,,,
1600,James Whitley,Sayer,43,male,,https://www.wikitree.com/photo.php/3/33/Sayer-1046.jpg,,,1600.jpg,
703,Aline M,Cusack,42,,,,,,,
619,Harriet Victoria,Piguenit,42,female,,,,https://huni.net.au/#/record/DAAO***person***4da19f52b538b73d93015fef,,
306,Charles,Turner,41,male,,https://upload.wikimedia.org/wikipedia/commons/5/5a/Charles_Henry_Turner14a.jpg,,,306.jpg,
2022,Ugo,Catani,40,male,,,,,,
932,Oswald Walters,Brierly,40,male,,https://upload.wikimedia.org/wikipedia/commons/a/ae/Oswald_Walter_Brierly_c.1880.jpg,,http://digital.sl.nsw.gov.au/delivery/DeliveryManagerServlet?embedded=true&toolbar=false&dps_pid=FL517206,932.jpg,Q3357515
1364,Francis Prout,Mahony,39,male,,https://upload.wikimedia.org/wikipedia/commons/8/81/Mahony-Selfportrait.jpg,,,1364.jpg,
2870,John William,Tristram,39,male,,https://sabamist.com.au/img/tristram-img/J_W_Tristram.jpg,,,2870.jpg,
2198,Gerald,Fitzgerald,39,male,,https://sabamist.com.au/img/fitzgerald-img/GeraldFitzgerald.jpg,,,2198.jpg,
1493,John Ford,Paterson,39,male,,https://upload.wikimedia.org/wikipedia/commons/6/6b/John_Ford_Paterson.jpg,,https://media.artgallery.nsw.gov.au/thumbnails/collection_images/6/6963%23%23S.jpg.505x601_q85.jpg,1493.jpg,
607,William,Heron,38,male,,,,,,
2122,Henry Easom,Davies,38,male,,,,,,
2240,Florence Ada,Fuller,37,female,,https://www.portrait.gov.au/files/3/1/2/0/i5612.jpg,,Copyright?  https://mydailyartdisplay.files.wordpress.com/2017/08/florence-fuller.jpg,2240.jpg,Q15401514
1985,Abram-Louis,Buvelot,37,male,,https://upload.wikimedia.org/wikipedia/commons/b/b7/Portrait_of_Louis_Buvelot_1880_by_Julian_Ashton.jpg,,https://content.ngv.vic.gov.au/retrieve.php?size=1280&type=image&vernonID=3167,1985.jpg,
2172,Samuel,Elyard,37,male,,,,,,
2531,John,McFadyen,36,male,,,,,,
2862,Charles E S,Tindall,36,male,,,,,,
102,,Wilson & McKinnon,36,,,,,,,
2223,Joseph,Fowles,35,male,,https://upload.wikimedia.org/wikipedia/commons/d/d9/Joseph_Fowles_author_of_%22Sydney_in_1848%22.jpg,,,2223.jpg,
1618,James,Scurry,35,male,,,,,,
37,Henry,Rielly,35,male,,,,,,
300,Charles,Summers,35,male,,https://upload.wikimedia.org/wikipedia/commons/b/b0/Charles_Summers_%281825-1878%29.jpg,,,300.jpg,
2227,Louis,Frank,35,male,,,,,,
31,James,Dalgarno,35,male,,,,,,
392,Miss Margaret,Thomas,34,female,,http://www.slv.vic.gov.au/pictoria/a/0/9/im/a09966.jpg,,? https://content.ngv.vic.gov.au/col-images/api/EPUB002506.tif/1280,392.jpg,Q6759960
2301,Henry,Gritten,34,male,,,,,,
2305,Johann Joseph Eugen (Eugene) von,Guerard,34,male,,https://upload.wikimedia.org/wikipedia/commons/a/ac/Eugene_von_Guerard_%281811%E2%80%931901%29.jpg,,,2305.jpg,
2376,Henricus (Henry) Leonardus van den,Houten,34,male,,,,,,
518,Isaac,Whitehead,34,male,,,,,,
1931,Edward,Bevan,33,male,,https://collectionimages.npg.org.uk/std/mw93386/Edward-Latham-Bevan.jpg,,Copyright?,1931.jpg,
2426,Henry James,Johnstone,33,male,,https://upload.wikimedia.org/wikipedia/commons/0/03/3rdViscountCanterbury.jpg,,maybe not him? https://live.staticflickr.com/8337/8228501537_0cd9eaaa91_z.jpg,2426.jpg,
2730,Charles,Rolando,33,male,,,,,,
2780,Achille,Simonetti,33,male,,https://www.portrait.gov.au/files/0/f/0/c/i9177.jpg,,Copyright? http://collections.anmm.gov.au/people/17066,,
405,Eugene von,Guerard,33,male,,https://upload.wikimedia.org/wikipedia/commons/a/ac/Eugene_von_Guerard_%281811%E2%80%931901%29.jpg,,https://media.artgallery.nsw.gov.au/uploads/artists/49407285.jpg,,
2890,James Clarke,Waite,32,male,,https://d3d00swyhr67nd.cloudfront.net/w800h800/collection/CDNII/LMF/CDNII_LMF_M2010_1321-001.jpg,,,,
2528,Frederick,McCubbin,31,male,,https://upload.wikimedia.org/wikipedia/commons/c/c3/Frederick_McCubbin_-_Self-portrait%2C_1886.jpg,,,,
701,Miss Gertrude,Williams,31,female,,,,,,Q16027081
493,Malcolm A,Campbell,31,male,,,,,,
1449,William,Nicholas,31,male,,https://artsearch.nga.gov.au/images/2400/163350.jpg,,,,
314,S Pearce,Fuller,31,,,,,,,
2266,Samuel Thomas,Gill,31,male,,https://upload.wikimedia.org/wikipedia/commons/f/f3/Samuel_Thomas_Gill_c.1865_carte_de_visite.jpg,,,2266.jpg,Q7387938
30,Thomas,Woolner,31,male,,https://upload.wikimedia.org/wikipedia/commons/a/a1/Woolner-rossetti.jpg,,,,
2272,John,Glover,31,male,,https://upload.wikimedia.org/wikipedia/commons/4/44/John_Glover%2C_attributed_to_John_Glover.jpg,,,,
1033,James,Curtis,30,male,,,,,,
1833,James,Robertson,30,male,,https://d3d00swyhr67nd.cloudfront.net/w1200h1200/collection/NSC/SHMA/NSC_SHMA_ART_1993_290-001.jpg,,?,,
555,R A,Ekman,30,,,https://upload.wikimedia.org/wikipedia/commons/1/17/Portrait_photograph_of_Robert_Wilhelm_Ekman.jpg,,? R W ,,
2000,John,Carter,29,male,,https://upload.wikimedia.org/wikipedia/commons/c/cd/John_Carter%2C_mouth_artist.jpg,,,,
708,Alfred E,Starkey,29,male,,,,,,
1845,,N.S.W. Government Printer,29,,,,,,,
1719,,Turner & Henderson,28,,,,,,,
110,John,Gully,28,male,,http://www.theprow.org.nz/assets/arts/Gully-John.1138.jpg,,,,
675,Miss Annie E,Potter,27,female,,,,,,
1068,Chester,Earles,26,male,,http://images.ntpl.org.uk/hppa-zooms/00000000630/cms_102607.bro,,,,
1974,Arthur James Wetherall,Burgess,26,male,,,,,,
213,Thomas,Clark,26,male,,,,,,
787,F.E.  (Mrs Alfred),Williams,26,female,,,,https://www.afr.com/life-and-luxury/arts-and-culture/florence-williams-painting-reaps-surprise-90000-20151125-gl7aqs,,
1977,Henry,Burn,26,male,,,,,,
2936,Frederick Matthews,Wiliams,26,male,,,,,,
2832,Jane,Sutherland,26,female,,https://upload.wikimedia.org/wikipedia/commons/d/d8/Jane_Sutherland.jpg,,,,
1955,Edward Baker,Boulton,26,male,,,,,,
591,J A,Robertson,25,,,,,,,
2714,Richard Godfrey,Rivers,24,male,,https://upload.wikimedia.org/wikipedia/commons/8/84/Web_UQFL119_b8f8_11.jpg,,,,
2748,H G H,Sandeman,24,,,,,,,
1341,Andrew,MacCormac,24,male,,,,,,
2265,,George B.D. Kitch & Co.,24,male,,,,,,
2828,Charles Francis,Summers,24,male,,https://upload.wikimedia.org/wikipedia/commons/b/b0/Charles_Summers_%281825-1878%29.jpg,,,,
101,Frederick William,Woodhouse,23,male,,,,,,
253,Gordon G M,Cansdell,23,male,,,,,,
2072,Alexander,Colquhoun,23,male,,https://media.mutualart.com/Images/2018_03/06/21/215127947/7c8f6fc9-9896-4ac3-96d0-178021bb9720_570.Jpeg,,,,
2330,Conway Weston,Hart,23,male,,,,,,
1215,Lucien Felix,Henry,23,male,,https://maitron.fr/local/cache-vignettes/L410xH550/henrylucien-d5d4b.jpg?1596620296,,,,
2787,George Penkivil,Slade,23,male,,,,,,
2687,Victor Albert,Prout,23,male,,,,,,
2098,Helen G,Creagh,22,female,,,,,,
1109,William,Ford,22,male,,http://victorian-era.org/images/Ford_William_c1870.jpg,,,,
2192,Giuseppe,Ferrarini,22,male,,,,,,
1232,Richard Henry,Holden,22,male,,,,,,
2597,Girolamo Pieri,Nerli,21,male,,https://upload.wikimedia.org/wikipedia/commons/e/e8/Count_Girolamo_Nerli_-_Robert_Louis_Stevenson%2C_1850_-_1894._Essayist%2C_poet_and_novelist_-_Google_Art_Project.jpg,,,,
718,Oswald Rose,Campbell,21,male,,,,,,
2851,Frederick Casemero,Terry,21,male,,,,,,
875,James,Barnet,21,male,,,,,,
605,Lilla P,Creed,21,female,,,,,,
2673,George,Podmore,21,male,,,,,,
2092,Christopher,Coveny,21,male,,,,,,
2111,Edwin,Dalton,21,male,,,,,,
59,John,Degotardi,21,male,,,,,,
2816,Arturo,Steffani,21,male,,,,,,
1250,Thomas,Humphrey,21,male,,https://upload.wikimedia.org/wikipedia/commons/3/32/Sketch_portrait_of_Tom_Humphrey.jpg,,,,
421,Miss E,Thomson,21,female,,https://upload.wikimedia.org/wikipedia/en/f/f7/Portrait_of_Emily.jpeg,,May not be her?,,
73,E C,Dean,21,,,,,http://hdl.handle.net/1961/dcplislandora:6513,,
2296,Edward Jukes,Greig,20,male,,,,,,
1490,Emily Susan,Paterson,20,female,,,,,,
2197,Amandus Julius,Fischer,20,,,https://www.portrait.gov.au/files/f/c/8/3/i9581.jpg,,,,
2959,Walter,Withers,20,male,,https://upload.wikimedia.org/wikipedia/commons/d/df/Withers_photograph.jpg,,,,
41,Frances D,Levvy,20,male,,,,,,
1497,George Edwards,Peacock,20,male,,,,,,Q43135084
2636,Joseph Anderson,Panton,19,male,,,,,,
2078,Donald Gregor Grant,Commoms,19,male,,,,,,
1961,Arthur Merric,Boyd,19,male,,http://adb.anu.edu.au/uploads/obituaries/5323/boyd.jpg,,,,
770,Sophia Elizabeth,Steffanoni,19,female,,https://wmoa.com.au/uploads/images/_1380x1000_fit_center-center_none/Sophie_Steffanoni_compressed.jpg,,https://upload.wikimedia.org/wikipedia/commons/b/be/Steffanoni_Sophie_1898_SLNSW_bcp_05218h.jpg,,
1967,Nicholas,Brennan,19,male,,,,,,
103,William Wackenbarth,Short,19,male,,,,,,
1296,Richard,Kretzschmar,19,male,,,,,,
1176,George F,Halsted,19,male,,,,,,
2644,Emily Letitia,Paul,19,female,,,,,,
2397,John,Irvine,19,male,,,,,,
2239,Frederick,Frith,19,male,,,,,,
1420,Horace Millichamp,Moore-Jones,18,male,,,,,,
1675,Mary (Junior),Stoddard,18,female,,,,,,
1377,Margaret D,Martin,18,female,,,,,,
2740,John Peter,Russell,18,male,,,,,,
38,T W,Williams,18,,,,,,,
2444,Charles H,Kerry,18,male,,,,,,
2655,Samuel Augustus,Perry,18,male,,,,,,
643,Miss Helen,Willis,18,female,,,,,,
416,,Jackson and Edwards (Architects),18,male,,,,,,
3,Charles J,Abraham,18,male,,,,,,
1792,James A C,Willis,18,male,,,,,,
2594,John McKirdy,Nelson,18,male,,,,,,
308,Thomas,Wright,18,male,,,,,,
2732,H Constance,Roth,17,,,,,,,
353,Robert M,Ronald,17,male,,,,,,
252,Catherine,Devine,17,female,,,,,,
192,William,Strutt,17,male,,,,,,
662,Miss Una Stella H,Russell,17,female,,,,,,
1836,Robert F,Gow,17,male,,,,,,
2875,James Alfred,Turner,17,male,,,,,,
2487,Arthur Jose de Souza,Loureiro,17,male,,,,,,
1838,J Swinton,Diston,17,,,,,,,
2029,Alice,Chapman,17,female,,,,,,
2521,Joseph P,Mayall,17,male,,,,,,
261,John,Gibb,17,male,,,,,,
232,M,Robinson,17,,,,,,,
34,John,Stack,17,male,,,,,,
2052,Marshall,Claxton,17,male,,,,,,
1352,John Simpson,Mackennal,17,male,,,,,,
2076,Alice H,Combes,16,female,,,,,,
723,Samuel,Calvert,16,male,,,,,,
1827,Charles C.,Watson,16,male,,,,,,
697,William,Birkenhead,16,male,,,,,,
2715,Thomas,Roberts,16,male,,,,,,
606,Arthur G,Kenway,16,male,,,,,,
256,G L,Luker,16,,,,,,,
214,John Alexander,Gilfillan,16,male,,,,,,Q21460090
1133,Mary Harriet,Gedye,16,female,,,,,,
2777,Henry,Short,16,male,,,,,,
329,Anna Frances,Walker,16,female,,,,,,
778,Mrs. Tom,Marshall,16,female,,,,,,
210,Henry,Mills,16,male,,,,,,
16,Julius,Hogarth,16,male,,,,,,
910,Charles,Blomfield,16,male,,,,,,
2747,John,Salvana,15,,,,,,,
1807,Herbert J,Woodhouse,15,male,,,,,,
1212,John Black,Henderson,15,male,,,,,,
2834,Louisa J,Swan,15,female,,,,,,
263,C F,Gerrard,15,,,,,,,
2583,Alice J,Muskett,15,female,,,,,,
238,D,McDonald,15,,,,,,,
122,,Gibbs Shallard and Co,15,,,,,,,
1899,Henry Hall,Baily,15,male,,,,,,
2138,William Bull,Dexter,15,male,,,,,,
332,John J,Thallon,15,male,,,,,,
2040,Thomas Foster,Chuck,15,male,,,,,,
2509,Rebecca,Martens,15,female,,,,,,
638,M H,Codrington,15,,,,,,,
475,William F,Bennett,14,male,,,,,,
469,John Wilkinson,Stone,14,male,,,,,,
771,Miss Louisa,Spark,14,female,,,,,,
43,Thomas Henry,Feilding,14,male,,,,,,
793,Hugh,Finlay,14,male,,,,,,
678,T,Dean,14,,,,,,,
2903,George,Walton,14,male,,,,,,
2287,Elizabeth,Gray,14,female,,,,,,
722,William,Rasche,14,male,,,,,,
2015,Frederick Horatio,Bruford,14,male,,,,,,
2598,Charles,Nettleton,14,male,,,,,,
1920,Robert Proctor,Beauchamp,14,male,,,,,,
2611,Timothy,Noble,14,male,,,,,,
2894,Alan Cameron,Walker,13,male,,,,,,
2702,David G,Reid,13,male,,,,,,
39,Percy E,Williams,13,male,,,,,,
2295,Mary Augusta,Greig,13,female,,,,,,
696,Mina W,Mulligan,13,,,,,,,
492,Miss P M,Cobbett,13,female,,,,,,
1702,Emily A,Thomas,13,female,,,,,,
2372,Mabel Madeline,Hookey,13,female,,,,,,
1969,Robert William,Bugg,13,male,,,,,,
2104,James Waltham,Curtis,13,male,,,,,,
1062,Robert Hawker,Dowling,13,male,,,,,,
1614,Maria Jane,Scott,13,female,,,,,,
451,Frank,Powne,13,male,,,,,,
672,Miss Ada A,Bell,12,female,,,,,,
2064,Tennyson,Cole,12,,,,,,,
270,W J,Thomas,12,,,,,,,
802,Mrs. Lily,Haege,12,female,,,,,,
1647,Henry Robinson,Smith,12,male,,,,,,
2187,Myra,Felton,12,,,,,,,
2024,Neville Henry Penniston,Cayley,12,male,,,,,,
960,M A,Campbell,12,,,,,,,
2561,John Stirling,Moore,12,male,,,,,,
2133,John W,Deering,12,male,,,,,,
2258,Julian J,Gibbs,12,male,,,,,,
1995,John Mitchell,Cantle,12,male,,,,,,
351,Miss L,Plummer,12,female,,,,,,
2807,Clara,Southern,12,female,,,,,,
2190,Marion,Ferdinando,12,female,,,,,,
665,,Mann,12,,,,,,,
657,A S,McGregor,12,,,,,,,
2373,Margaret Anderson,Hope,12,female,,,,,,
751,Gregory,Macintosh,12,male,,,,,,
1138,Harry Pelling (or Pelham?).,Gill,12,male,,,,,,
172,Aston J,Watkins,12,male,,,,,,
2484,Sydney,Long,12,,,,,,,
556,Miss A,Riddell,12,female,,,,,,
622,W D,Bayly,12,,,,,,,
1323,Henry Grant,Lloyd,12,male,,,,,,
222,Thomas,Richardson,12,male,,,,,,
2280,,"Charles Potter, New South Wales Government Printer",12,,,,,,,
779,Hetty,Dymock,12,,,,,,,
229,Arthur D,Riley,12,male,,,,,,
653,Anne,Dobson,11,female,,,,,,
573,Mary H,Livingston,11,female,,,,,,
2508,James,Marshall,11,male,,,,,,
400,J W Buxton,Knight,11,,,,,,,
242,Clarendon,Stuart,11,,,,,,,
184,A L,Brunkhorst,11,,,,,,,
551,J A,Monsigny,11,,,,,,,
681,William J.,Taylor,11,male,,,,,,
752,Miss Louise,Haight,11,female,,,,,,
2215,George,Forsyth,11,male,,,,,,
924,Emma Minnie,Boyd,11,female,,,,,,
705,J F,Byrne,11,,,,,,,
2445,Douglas Thomas,Kilburn,11,male,,,,,,
2697,Henry J,Recknall,11,male,,,,,,
2907,John Samuel,Watkins,11,male,,,,,,
2411,William H,Jarrett,11,male,,,,,,
1902,Thomas Tyrwhitt,Balcombe,11,male,,,,,,
1844,Percival,Ball,11,male,,,,,,
72,Thomas W,Nutt,11,male,,,,,,
127,George Baird,Shaw,11,male,,,,,,
97,Francis Winfield,Robinson,11,male,,,,,,
1394,Louisa Anne,Meredith,11,female,,,,,1394.jpg,Q531358
1785,Jane,Wilkinson,11,female,,,,,,
2830,,Survey Branch of the Department of Lands,11,,,,,,,
635,Pablo,Petrovitz,11,male,,,,,,
2619,,"Charles Potter, New South Wales Government Printer",10,,,,,,,
2075,Edward,Combes,10,male,,,,,,
2099,Annie C,Creagh,10,female,,,,,,
541,Wollaston J,Thomas,10,,,,,,,
1319,Emile,Leysalle,10,,,,,,,
2045,Joseph Augustus,Clarke,10,male,,,,,,
2461,George,Lacy,10,male,,,,,,
1615,Eugene Montagu,Scott,10,male,,,,,,
251,Edith,Deane,10,female,,,,,,
2706,Amy A,Reynolds,10,female,,,,,,
774,E,Parnell,10,,,,,,,
2776,Emily E,Sherwin,10,female,,,,,,
590,Isa,Rielly,10,,,,,,,
1246,Edward,Hulme,10,male,,,,,,
2247,Frederick Augustus,Garling,10,male,,,,,,
120,John,Sands,10,male,,,,,,
2690,James Peter,Quinn,10,male,,,,,,
1549,John Thomas,Richardson,10,male,,,,,,
497,Thomas A.,Kelly,10,male,,,,,,
139,William,Lovegrove,10,male,,,,,,
1881,George French,Angas,10,male,,,,,1881.jpg,Q3101586
279,Miss Ann,Biddell,10,female,,,,,,
2137,Thomas,Devoy,10,male,,,,,,
2173,William Francis,Emery,10,male,,,,,,
648,D H,Batchen,10,,,,,,,
2931,Jane Wilkinson,Whyte,10,female,,,,,,
1018,Thomas Selby,Cousins,10,male,,,,,,
307,H T,Worsley,10,,,,,,,
1309,Maria,Lempriere,10,female,,,,,,
148,John,Haselden,10,male,,,,,,
67,,De Gruchy and Leigh,10,,,,,,,
66,John,Noone,10,male,,,,,,
520,Elijah,Walton,10,male,,,,,,
598,Zenobia J,Bowman,9,,,,,,,
249,Blagden,Chambers,9,,,,,,,
474,Alfred William (R.I.),Strutt,9,male,,,,,,
602,John S,Bowman,9,male,,,,,,
2880,C A,Houten,9,,,,,,,
450,B B,Portal,9,,,,,,,
760,William,Bowry,9,male,,,,,,
625,Jessie  (Mrs Joseph Arthur Bennett,Bennett,9,female,,,,,,
2871,Tudor St. George,Tucker,9,,,,,,,
781,Marion E,Drewe,9,,,,,,,
47,John V.,Bayly,9,male,,,,,,
652,Mina,Creed,9,,,,,,,
1,Alfred J,Lane,9,male,,,,,,
2623,George,O'Brien,9,male,,,,,,
2432,W T,Jordan,9,,,,,,,
51,,Sherriff and Downing,9,,,,,,,
295,Walter T,Butler,9,male,,,,,,
1872,Mary Morton,Allport,9,female,,,,,,
2346,Louis Felix,Henry,9,male,,,,,,
2125,W H,Davies,9,,,,,,,
2544,Emily,Meston,9,female,,,,,,
2005,Gracius Joseph,Broinowski,9,,,,,,,
87,Frederick,Price,9,male,,,,,,
677,Margaret,Butterworth,9,female,,,,,,
2859,Mrs. W,Thornton,9,female,,,,,,
654,Joseph,Gaut,9,male,,,,,,
2189,Maurice Appleby,Felton,9,male,,,,,,
1975,Ellen,Burgess,9,female,,,,,,
124,Jochim Matthias,Wendt,9,,,,,,,
419,Charles,Troedel,9,male,,,,,,
2205,Thomas,Flintoff,9,male,,,,,,
385,Florence M,Green,8,,,,,,,
2492,Thomas Hamilton,Lyttleton,8,male,,,,,,
1922,Ludwig,Becker,8,male,,,,,,
2246,Henry Glede,Garlick,8,male,,,,,,
282,M,Bullen,8,,,,,,,
2132,Lucien,Dechaineux,8,male,,,,,,
1945,Barcroft Capel,Boake,8,,,,,,,
364,Helen G. (Mrs),Taylor,8,female,,,,,,
1846,Arthur W,Chapple,8,male,,,,,,
132,Miss M M,Willshire,8,female,,,,,,
1414,Octavius Levi,Montefiore,8,male,,,,,,
2853,Edmund,Thomas,8,male,,,,,,
349,Ada J,Newman,8,female,,,,,,
2868,K,Tregear,8,,,,,,,
1561,Andrew,Robertson,8,male,,,,,,
2233,,Freeman Brothers,8,,,,,,,
1888,Robert,Atkinson,8,male,,,,,,
801,Miss Mabel,Hill,8,female,,,,,,
2879,May,Vale,8,female,,,,,,
656,Arthur M,MacIlwaine,8,male,,,,,,
2893,Theresa Susannah Eunice Snell,Walker,8,female,,,,,,
345,Frank,Goldstraw,8,male,,,,,,
1379,Cyrus,Mason,8,male,,,,,,
1703,Mrs. E R,Thomas,8,female,,,,,,
2695,Richard junior,Read,8,male,,,,,,
798,James A,Bowman,8,male,,,,,,
325,Hugh,Paterson,8,male,,,,,,
75,William,Detmold,8,male,,,,,,
2082,William Delafield,Cook,8,male,,,,,,
2145,George,Dinham,8,male,,,,,,
985,George,Cherry,8,male,,,,,,
2262,George Alexander,Gilbert,8,male,,,,,,
2542,Harden Sidney,Melville,8,,,,,,,
299,J B,Despointes,8,,,,,,,
2135,Cornelius,Delohery,8,male,,,,,,
1786,D,Wilkinson,8,,,,,,,
1908,Charles Decimus,Barraud,8,male,,,,,,
35,Mary,Tomkins,8,female,,,,,,
543,A  Roberto,Pullin,8,,,,,,,
2948,J R,Williams,8,,,,,,,
1454,J Herkis Hume,Nisbett,8,,,,,,,
2527,Georgiana Huntly,McCrae,8,female,,,,,,
2612,Richard (P?),Noble,8,male,,,,,,
786,John Corker Vigers,Symons,8,male,,,,,,
2485,Daniel Rutter,Long,8,male,,,,,,
2390,,Hyndman & Bates,8,,,,,,,
303,Adelaide Eliza,Ironside,8,,,,,,,
328,Charles Vernon,Wilson,8,male,,,,,,
2054,Samuel,Clifford,8,male,,,,,,
330,E Goodwyn,Lewis,8,,,,,,,
2691,John,Rae,8,male,,,,,,
1873,Morton,Allport,8,,,,,,,
2831,,Surveyor-General,8,,,,,,,
2427,,"Johnstone, O'Shannessy & Co.",8,,,,,,,
570,A R,Pullen,8,,,,,,,
2030,Thomas Evans,Chapman,8,male,,,,,,
1944,Eliza,Blyth,7,female,,,,,,
2442,William A,Ker,7,male,,,,,,
362,Alison,Vivian,7,female,,,,,,
53,William,Ridley,7,male,,,,,,
2836,Samuel White,Sweet,7,male,,,,,,
762,Miss Emily R,Goddard,7,female,,,,,,
202,George O,Twentyman,7,male,,,,,,
1084,Jessie Laver,Evans,7,,,,,,,
759,Henry W,Macready,7,male,,,,,,
1912,Arthur Wakefield,Basset,7,male,,,,,,
320,Miss E.H.,Ritchie,7,female,,,,,,
2578,Blanche,Murphy,7,female,,,,,,
529,Frederick,Straw,7,,,,,,,
2019,Edwin,Bryant,7,male,,,,,,
2288,Mrs E. Goodwin,Green,7,female,,,,,,
746,Mary,Craig,7,female,,,,,,
559,Antonio,Perugia,7,male,,,,,,
2864,Alfred,Tischbauer,7,male,,,,,,
748,George,Haughton,7,male,,,,,,
2090,Margaret J,Coulter,7,female,,,,,,
212,Eliza,Thurston,7,female,,,,,,
2224,Emanuel Phillips,Fox,7,male,,,,,,
1173,Miss Victoria,Hall,7,female,,,,,,
2463,William,Landsborough,7,male,,,,,,
367,Ada E,Cooper,7,female,,,,,,
558,Thomas,Gaunt,7,male,,,,,,
1597,August,Saupe,7,,,,,,,
833,James Henry,Anderson,7,male,,,,,,
141,Miss Juliet,Elderton,7,female,,,,,,
287,John F,Hennessy,7,male,,,,,,
2843,George Augustine,Taylor,7,male,,,,,,
1725,Mrs.,Vaillant,7,female,,,,,,
1708,John Hall (Hal),Thorpe,7,male,,,,,,
310,H.,Davis,7,,,,,,,
361,P,Van der Velden,7,,,,,,,
534,Septimus R.,Tucker,7,male,,,,,,
2649,Pietro,Pedroncinni,7,male,,,,,,
2431,John Llewelyn,Jones,7,male,,,,,,
223,John Lamb,Lyon,7,male,,,,,,
2617,Charles,Norton,7,male,,,,,,
182,M,Hannaford,7,male,,,,,,
1624,John,Sharkey,7,male,,,,,,
2038,Mrs. Major Steadman,Christie,7,female,,,,,,
2821,Ernest Decimus,Stocks,7,male,,,,,,
2719,Thomas,Robertson,7,male,,,,,,
289,Mrs. J A,Hely,7,female,,,,,,
2220,Frederick,Fowler,7,male,,,,,,
429,Miss,Stephen,7,female,,,,,,
2088,Frederick K,Cornell,7,male,,,,,,
1913,,Batchelder & Co.,7,,,,,,,
2065,Lizzie,Cole,7,female,,,,,,
1916,Elizabeth,Bath,7,female,,,,,,
566,Miss,Harvey,7,female,,,,,,
2806,David Henry,Souter,6,male,,,,,,
358,Mrs. C W,Smith,6,female,,,,,,
680,George Adolphus,Thomas,6,male,,,,,,
2738,Anthony Dattilo,Rubbo,6,male,,,,,,
597,,"Lyon, Cottier & Co.",6,female,,,,,,
2351,William,Hetzer,6,male,,,,,,
1914,,Batchelder & O'Neill,6,,,,,,,
2914,Alexander James,Webb,6,male,,,,,,
2149,Thomas L,Dodd,6,male,,,,,,
1862,Albert Edward,Aldis,6,male,,,,,,
248,S,Sedgfield,6,male,,,,,,
1879,Mrs. W J,Anderson,6,female,,,,,,
2307,Nikolai (Nicholas) Francois,Habbe,6,male,,,,,,
2435,Carl,Kahler,6,male,,,,,,
2833,John,Sutherland,6,male,,,,,,
2356,Samuel Prout,Hill,6,male,,,,,,
2455,Fred,Kneebone,6,male,,,,,,
294,Miss Jessie,Bowkett,6,female,,,,,,
1350,Campbell,McKellar,6,male,,,,,,
2375,Richard Henry,Home,6,male,,,,,,
726,M A,Campbell,6,male,,,,,,
2505,Gother Victor Fryers,Mann,6,male,,,,,,
2478,John William,Lindt,6,male,,,,,2478.jpg,Q12025804
2548,Elizabeth C,Miller,6,female,,,,,,
2365,Patrick Joseph,Hogan,6,male,,,,,,
2751,Frederic B,Schell,6,male,,,,,,
336,Kate,Earle,6,female,,,,,,
269,Mrs. H A,Foott,6,female,,,,,,
2497,James Simpson,Mackennal,6,male,,,,,,
2003,Alfred Scott,Broad,6,male,,,,,,
2495,Mrs E.F.,Mackay,6,female,,,,,,
1847,Rita C.,Adderley,6,female,,,,,,
702,William A,Moir,6,male,,,,,,
2927,James S,White,6,male,,,,,,
2388,Francis Frederick,Hutton,6,,,,,,,
2643,C J,Patison,6,male,,,,,,
233,Mrs. P,Phillips,6,female,,,,,,
117,John Horbury,Hunt,6,male,,,,,,
2273,Phillip W,Goatcher,6,male,,,,,,
539,Alfred,Beere,6,male,,,,,,
277,Miss Emily,Maze,6,female,,,,,,
2360,Fortescue,Hitchins,6,female,,,,,,
1906,William H,Bardwell,6,male,,,,,,
32,Charles,Whitley,6,male,,,,,,
1579,Edward,Rumsey,6,male,,,,,,
1521,Emmeline,Pritchard,6,female,,,,,,
44,T W,Ferris,6,male,,,,,,
1229,Mrs. C,Hodgson,6,female,,,,,,
1066,Frank,Dunnett,6,male,,,,,,
91,Charles,Boyd,6,male,,,,,,
237,Miss,Vinter,6,female,,,,,,
2136,Joseph Tracton,Dennis,6,male,,,,,,
1958,,Bowman,6,,,,,,,
1953,John,Botterill,6,male,,,,,,
254,George W Thomas,Chambers,6,male,,,,,,
686,Nicholas,Shiels,6,male,,,,,,
267,William H,Hannam,6,male,,,,,,
2667,Henry Stow,Pincott,6,male,,,,,,
2355,Thomas Adams,Hill,6,male,,,,,,
640,W A,Clarson,6,,,,,,,
428,Miss,Andrew,6,female,,,,,,
2631,Isobel,Oldham,6,female,,,,,,
1462,Mrs. Josepha,North,5,female,,,,,,
465,W B,McIntosh,5,,,,,,,
2293,George Frederick,Gregory,5,male,,,,,,
8,John,Wainwright,5,male,,,,,,
354,Mary,Will-Slade,5,female,,,,,,
99,J H B and C E,Walch and Sons,5,male,,,,,,
845,Henry,Apperly,5,male,,,,,,
49,Joseph P,Boyd,5,male,,,,,,
410,,Evans and Sommerton,5,,,,,,,
2114,George A,Daniel,5,male,,,,,,
647,Mrs. Louise,Stone,5,female,,,,,,
796,Agnes  (Miss),Littlejohn,5,female,,,,,,
372,Ralph H.,Bayley,5,male,,,,,,
2374,Francis Rawdon Chesney,Hopkins,5,,,,,,,
457,R,Nunweek,5,female,,,,,,
571,Miss,Hutton,5,female,,,,,,
236,Caroline J,Palmer,5,female,,,,,,
461,Isabel,Niven,5,female,,,,,,
1997,R D,Carey,5,female,,,,,,
268,Tremayne,Lark,5,male,,,,,,
1759,Miss Anne,Waugh,5,female,,,,,,
4,M A C,Bray,5,male,,,,,,
1002,George James,Coates,5,male,,,,,,
348,A G,Plate,5,male,,,,,,
700,Miss Clyda,Newman,5,female,,,,,,
2177,W,Ewart,5,,,,,,,
2073,Beatrice,Colquhoun,5,female,,,,,,
2727,Charles,Rodius,5,male,,,,,2727.jpg,Q20022086
2328,Elinor Henderson,Harrison,5,female,,,,,,
548,Marc,Lucas,5,male,,,,,,
402,,Sands and Kenny,5,female,,,,,,
316,Benjamin,Brain,5,male,,,,,,
805,Miss A C ,Hayley,5,female,,,,,,
2609,Frederick John,Nixon,5,male,,,,,,
2628,John,O'Flanagan,5,male,,,,,,
1730,Charles,Vickers,5,male,,,,,,
142,William,Wright,5,male,,,,,,
157,,McAlpine,5,,,,,,,
637,Mrs.,Gowan,5,female,,,,,,
1878,Mrs Theodore,Anderson,5,female,,,,,,
596,Mrs. Hugh,Hull,5,female,,,,,,
2210,Mrs.,Ford,5,female,,,,,,
2084,Albert Charles,Cooke,5,male,,,,,,
2476,Arthur J,Liddington,5,male,,,,,,
2761,Constance J,Seager,5,female,,,,,,
86,Robert Main,Abbott,5,male,,,,,,
281,George H,Barrow,5,male,,,,,,
2181,J J,Fallon,5,,,,,,,
2911,Harry,Waugh,5,male,,,,,,
2516,William,Mather,5,male,,,,,,
2429,William Lorando,Jones,5,male,,,,,,
2182,Roger Eykyn,Falls,5,male,,,,,,
2178,Gladstone,Eyre,5,,,,,,,
2803,John,Sommers,5,male,,,,,,
1533,E P,Ramsay,5,,,,,,,
458,G P,Morrison,5,,,,,,,
631,M K,Kreitmeyer,5,,,,,,,
1984,,Butler and Ussher,5,,,,,,,
2913,Charles,Webb,5,male,,,,,,
2345,John,Hennings,5,male,,,,,,
1057,Sylvester,Diggles,5,male,,,,,,
2414,Robert,Jenkins,5,male,,,,,,
1637,Charles H,Slatyer,5,male,,,,,,
240,Miss L,Zahel,5,female,,,,,,
661,Flora,Ross,5,female,,,,,,
562,John,Paterson,5,male,,,,,,
2337,Lucy,Havens,5,female,,,,,,
2642,,Paterson Brothers,5,,,,,,,
10,H.,Bruhn,5,,,,,,,
302,Albert and Charles R.,Purchas and Swyer,5,male,,,,,,
126,S.T. and Co.,Leigh,5,female,,,,,,
2183,Charles,Fanning,5,male,,,,,,
2811,Jean,Spong,5,male,,,,,,
731,Francis Wilson,Niven,5,,,,,,,
2068,Arthur and George,Collingridge,5,male,,,,,,
2885,Julie Elizabeth Agnes,Vieusseux,5,female,,,,,,
560,E n,Gerard,5,,,,,,,
2441,,Kennedy and Lowry,5,,,,,,,
2654,George William,Perry,5,male,,,,,,
313,E.V. (Miss),Adams,5,female,,,,,,
618,K.M.  (Miss),Lenthal,5,female,,,,,,
627,Mrs. Thomas,Veitch,5,female,,,,,,
2835,Julia G,Swan,5,female,,,,,,
2194,James D,Fillans,5,male,,,,,,
2120,Letitia,Davidson,5,female,,,,,,
1929,John,Bennett,5,male,,,,,,
2765,Henry A,Severn,5,male,,,,,,
123,,Sands & McDougall,5,female,,,,,,
2279,Edmund,Gouldsmith,5,male,,,,,,
719,Ernst A,Altmann,5,male,,,,,,
2852,Elizabeth,Testar,5,female,,,,,,
2817,George Milner,Stephen,5,male,,,,,,
516,H C ,Woollett,5,female,,,,,,
466,James,Macbeth,5,male,,,,,,
2949,Elizabeth Sarah (Lillie),Williamson,5,female,,,,,,
1115,W F S,Fox,5,,,,,,,
2915,George Alfred John,Webb,5,male,,,,,,
1861,E m,Airey,5,female,,,,,,
872,J,Balfour,5,male,,,,,,
2944,,Williams,5,,,,,,,
135,,"Ferguson, Urie and Lyon",5,,,,,,,
542,Florence E,Parsons,5,,,,,,,
757,Fanny,Overman,4,female,,,,,,
905,Clement B W,Blackman,4,male,,,,,,
1047,Mrs.,De Lissa,4,female,,,,,,
980,H.,Chambers,4,female,,,,,,
537,Auguste,Lorenzini,4,male,,,,,,
601,Hugh M,Hull,4,male,,,,,,
369,Margaret,Adkins,4,female,,,,,,
363,Miss Amy,Vale,4,female,,,,,,
2018,Charles David Jones,Bryant,4,male,,,,,,
2214,Haughton,Forrest,4,,,,,,,
2093,Theodora Esther,Cowan,4,female,,,,,,
1915,Edward La Trobe,Bateman,4,male,,,,,,
579,George John,Freeman,4,male,,,,,,
396,Henry J,Steiner,4,male,,,,,,
394,William Evans Dutton,Stuart,4,male,,,,,,
826,Oswald,Allen,4,male,,,,,,
143,William Henry,Usher,4,male,,,,,,
636,L J,Marsh,4,,,,,,,
1346,Mrs. L,McIlwaine,4,female,,,,,,
456,E.V. (Miss),Tyndall,4,female,,,,,,
2962,F H,Worthy,4,female,,,,,,
265,Parnell W.,Johnson,4,male,,,,,,
2267,E,Girardin,4,female,,,,,,
2299,William,Griffith,4,male,,,,,,
2525,Robert,McClelland,4,male,,,,,,
2599,Thomas Agar,Newall,4,male,,,,,,
1910,Marion,Barrett,4,female,,,,,,
2904,Mrs. Ralph,Ward,4,female,,,,,,
666,P W,Marony,4,female,,,,,,
447,William Francis,Hughes,4,male,,,,,,
2689,William,Pybus,4,male,,,,,,
467,Robert,Lightbody,4,male,,,,,,
136,John,Falconer,4,male,,,,,,
684,Miss Alice,Wright,4,female,,,,,,
2559,Frederick,Monteath,4,male,,,,,,
1324,Caroline,Lomer,4,female,,,,,,
319,W B ,Jones,4,,,,,,,
341,Ada,Cherry,4,female,,,,,,
284,E J,Deane,4,female,,,,,,
173,Miss L,Moore,4,female,,,,,,
633,Charlotte,McDonall,4,female,,,,,,
1027,,Crouch & Wilson,4,,,,,,,
2229,Peter Gordon,Fraser,4,male,,,,,,
243,Mattie,Wearne,4,,,,,,,
958,William,Calvert,4,male,,,,,,
2148,Joseph,Docker,4,male,,,,,,
617,Miss,Levien,4,female,,,,,,
761,Elsie J,Allen,4,female,,,,,,
2326,Percy,Harrison,4,male,,,,,,
1987,James Erskine,Calder,4,male,,,,,,
1737,William Sheridan,Wall,4,male,,,,,,
406,,Walsh & Sons,4,,,,,,,
2683,Jane R,Price,4,female,,,,,,
2359,Sophia,Hitchins,4,female,,,,,,
679,Lily,Carter,4,female,,,,,,
296,Arthur,Greenwood,4,male,,,,,,
1157,Miss E,Govett,4,female,,,,,,
472,Lena M.,Oakes,4,female,,,,,,
2255,William Menzies,Gibb,4,male,,,,,,
2101,T E,Crouch,4,male,,,,,,
2004,John,Brockett,4,male,,,,,,
563,Samuel,Griffiths,4,male,,,,,,
2788,R E,Sloan,4,female,,,,,,
2963,Thomas J J,Wyatt,4,male,,,,,,
1190,Norman,Hardy,4,male,,,,,,
455,Ellen,Trickett,4,female,,,,,,
2956,C E,Winn,4,male,,,,,,
1556,,Ritchie,4,,,,,,,
2472,,Leslie,4,,,,,,,
2756,,Scott,4,,,,,,,
2681,George Frederick,Price,4,male,,,,,,
2001,Charles Hubert de,Castella,4,male,,,,,,
2580,John,Murphy,4,male,,,,,,
2413,Joseph,Jefferson,4,male,,,,,,
1278,Richard george Howard,Joseland,4,male,,,,,,
1949,Charles,Bonnefin,4,male,,,,,,
783,,Kethel and Peddle,4,female,,,,,,
2185,James,Fawcett,4,male,,,,,,
311,Leonard,Terry,4,male,,,,,,
2179,William C,Faed,4,male,,,,,,
727,Emile,Ulm,4,male,,,,,,
459,James & Co.,Murray,4,male,,,,,,
804,John H,Hodgson,4,male,,,,,,
2124,J,Davies,4,male,,,,,,
2825,Charles,Strelein,4,male,,,,,,
2043,Elizabeth C,Clark,4,female,,,,,,
2286,Charles,Gray,4,male,,,,,,
2892,George,Walker,4,male,,,,,,
2087,Carl,Cordts,4,male,,,,,,
1430,,Muller,4,,,,,,,
463,Alice Maud  (Miss),Lazarus,4,female,,,,,,
734,Evan,Jones,4,male,,,,,,
2746,Douglas G,Salier,4,male,,,,,,
750,George H (Junior),Harvey,4,male,,,,,,
1970,Knud Geelmuyden,Bull,4,male,,,,,,
2753,Jan Hendrik,Scheltema,4,male,,,,,,
2417,Barnett,Johnson,4,male,,,,,,
438,William,Kerr,4,male,,,,,,
183,E,Bartley,4,female,,,,,,
170,T,Warner,4,male,,,,,,
682,R M Seymour,Wells,4,female,,,,,,
2861,R F,Thwaites,4,female,,,,,,
1080,,Ellis & Slatyer,4,,,,,,,
1413,Jacob Isaac Levi,Montefiore,4,male,,,,,,
2933,E,Wigmore,4,female,,,,,,
1228,Miss M M,Hobson,4,female,,,,,,
670,N,Bartley,4,male,,,,,,
259,Miss Laura E,Hogg,4,female,,,,,,
1621,A.R.C.,Selwyn,4,female,,,,,,
2953,William Pitt,Wilshire,4,male,,,,,,
1567,Francis Whitfield,Robinson,4,,,,,,,
273,P W,Moroney,4,female,,,,,,
504,Miss,Gaggin,4,female,,,,,,
1674,Edith E J,Stoddard,4,female,,,,,,
2317,Stewart,Handasyde,4,male,,,,,,
1431,Miss A,Murray,4,female,,,,,,
2799,Amelia,Solly,4,female,,,,,,
794,J O,Burgess,4,male,,,,,,
1851,George A,Appleton,4,male,,,,,,
1951,Marian,Booth,4,female,,,,,,
2957,Alfred,Winter,4,male,,,,,,
508,Miss Rosamonde,Scott,4,female,,,,,,
1857,Thomas Turner,a'Beckett,4,male,,,,,,
1106,Sarah Anne,Fogg,4,female,,,,,,
663,F,Salwey,4,female,,,,,,
1988,John,Calder,4,male,,,,,,
2766,John Mathieson,Sharp,4,male,,,,,,
62,,Brush & MacDonnell,4,female,,,,,,
1117,Miss A,Fraser,4,female,,,,,,
2614,Harriet Anne,Norman,4,female,,,,,,
569,Mrs. Capt.,Price,4,female,,,,,,
420,Miss,Thorpe,4,female,,,,,,
2574,Alice E,Morton,3,female,,,,,,
2450,Philip Gidley,King,3,male,,,,,,
871,Clare,Banning,3,female,,,,,,
371,Margaret,Flockton,3,female,,,,,,
1035,Mr.,Cutter,3,female,,,,,,
753,George W,Hadfield,3,male,,,,,,
2348,Agnes Barbara,Henty,3,female,,,,,,
2839,,Sydney Mail Artist,3,,,,,,,
408,C L,Bernicke,3,male,,,,,,
2107,Richard,Daintree,3,male,,,,,,
2234,,Freeman Bros & Prout,3,,,,,,,
125,Thomas,Stevenson,3,male,,,,,,
247,Matilda,Sommerville,3,female,,,,,,
370,Miss D M,Ellerman,3,female,,,,,,
2297,Louis,Grier,3,male,,,,,,
2324,Mrs. R,Harrison,3,female,,,,,,
487,mrs. M E,Drewett,3,female,,,,,,
1239,Livingston,Hopkins,3,male,,,,,,
2958,James,Wise,3,male,,,,,,
500,W W,Hoare,3,,,,,,,
616,Cyril J,Murphy,3,male,,,,,,
1830,Charles S,Bennett,3,male,,,,,,
2604,Ethel Maude,Nicholls,3,female,,,,,,
2271,Henry Heath Junior,Glover,3,male,,,,,,
2061,J,Coene,3,male,,,,,,
2209,Giovanni,Fontana,3,male,,,,,,
2095,Lionel,Cowen,3,male,,,,,,
2083,David,Cook,3,male,,,,,,
40,Mrs.,Woolley,3,female,,,,,,
2886,William Joseph,Wadham,3,male,,,,,,
347,Miss C,Scott,3,female,,,,,,
365,A W,Tyrer,3,male,,,,,,
615,Florence,Ross,3,female,,,,,,
847,,Arnall & Jackson,3,,,,,,,
1841,William M,Campbell,3,male,,,,,,
632,J K,Bull,3,male,,,,,,
1880,Robert,Anderson,3,male,,,,,,
2457,Johann Ludwig (Louis) Gerard,Krefft,3,male,,,,,,
1102,Margaret,Fleming,3,female,,,,,,
2900,Carl (Charles),Walter,3,male,,,,,,
1924,Mrs.,Beddon,3,female,,,,,,
56,Nathan,Wellam,3,male,,,,,,
2060,R Sydney,Cocks,3,female,,,,,,
2647,George Henry,Peck,3,male,,,,,,
373,Arthur,Barlow,3,male,,,,,,
1946,P,Boardman,3,female,,,,,,
2026,Miss,Champ,3,female,,,,,,
2401,Mrs. E H,Irving,3,female,,,,,,
1927,Ann Maria,Benham,3,female,,,,,,
2503,Frank Prout,Mahony,3,male,,,,,,
2056,Alfred,Clint,3,male,,,,,,
1896,Theo,Bahr,3,male,,,,,,
1562,M G.,Roberts,3,male,,,,,,
713,Mrs.,Monah,3,female,,,,,,
674,Miss H P,Fitzgerald,3,female,,,,,,
2768,Alfred,Sharpe,3,male,,,,,,
659,Wilhelm,Heunert,3,male,,,,,,
2579,J,Murphy,3,male,,,,,,
61,Jacob Richard,Clarke,3,male,,,,,,
50,James,Waugh,3,male,,,,,,
1509,,Picturesque Atlas Publishing Co.Ltd.,3,,,,,,,
54,G H,Rees,3,female,,,,,,
137,Robert,Dennis,3,male,,,,,,
2325,Birge,Harrison,3,,,,,,,
1971,Blanche,Bull,3,female,,,,,,
2402,J,Irwin,3,male,,,,,,
58,Herman,Finckh and Bockemann,3,male,,,,,,
1764,Mrs.,Weiss,3,female,,,,,,
2334,Henry,Harvey,3,male,,,,,,
17,Conrad,Erichsen,3,male,,,,,,
2109,,Dakden,3,,,,,,,
2943,,William Davies and Co.,3,,,,,,,
1208,Effie M,Hawley,3,female,,,,,,
2176,Alfred William,Eustace,3,male,,,,,,
393,Mr.,Stumbuco,3,female,,,,,,
1950,H.Power Le Poer,Bookey,3,,,,,,,
2323,George Henry,Harlow,3,male,,,,,,
1964,,Branwhite,3,,,,,,,
808,Miss Louise,Hunt,3,female,,,,,,
220,W J,Turner,3,,,,,,,
2942,George,Willett,3,male,,,,,,
554,Miss,Hughes,3,female,,,,,,
2733,George,Rowe,3,male,,,,,,
1536,F,Ratte,3,female,,,,,,
2950,Mort,Willis,3,male,,,,,,
2560,William,Montgomery,3,male,,,,,,
580,W,Scott,3,,,,,,,
1663,Mary,Hindmarsh,3,female,,,,,,
2171,John,Elder,3,male,,,,,,
1178,,Hamel and Fergusson,3,,,,,,,
2170,Bernice,Edmunds,3,female,,,,,,
1334,Miss Grace A,Ludowici,3,female,,,,,,
2668,Mrs.,Pirani,3,female,,,,,,
685,Edith J,Sproule,3,female,,,,,,
2217,Charles William,Foster,3,male,,,,,,
473,C,Ford,3,male,,,,,,
2883,,Various artists,3,,,,,,,
57,,Flavelle Brothers,3,,,,,,,
2269,Thomas Skelton,Glaister,3,male,,,,,,
2292,Maximillian William,Greenfeld,3,male,,,,,,
378,C,Smith,3,male,,,,,,
540,Edith,Cook,3,female,,,,,,
204,John,Ferres,3,male,,,,,,
471,Edith E. (Miss),Oakey,3,female,,,,,,
2085,E,Coombes,3,female,,,,,,
2282,James,Gow,3,male,,,,,,
2216,Miss,Forsyth,3,female,,,,,,
1029,W,Cruickshank,3,,,,,,,
1813,William S,Woollett,3,male,,,,,,
160,J M,Stanley,3,male,,,,,,
2729,Robert R,Rogers,3,male,,,,,,
2837,Charles R,Swyer,3,male,,,,,,
2558,T S,Monkhouse,3,male,,,,,,
1501,James,Peddle,3,male,,,,,,
88,,Blundell & Ford,3,female,,,,,,
116,Charles E,Mayes,3,male,,,,,,
593,George Raymond,Johnson,3,male,,,,,,
660,W F,Seymour,3,,,,,,,
2393,George Kilgour,Illingworth,3,male,,,,,,
526,Miss,Smyth,3,female,,,,,,
706,Miss Maud,Brownlow,3,female,,,,,,
2889,Thomas Griffith,Wainewright,3,male,,,,,,
2410,Jacob,J.C.C.,3,male,,,,,,
423,Buxton,Sturtevant,3,male,,,,,,
104,,"Walker, May and Co.",3,female,,,,,,
2718,,Roberts,3,,,,,,,
2841,W B,Tappin,3,,,,,,,
2368,Edward Joseph,Hollingdale,3,male,,,,,,
2662,Charles Percy,Pickering,3,male,,,,,,
2367,Maria,Holgate,3,female,,,,,,
1982,Rose,Butler,3,female,,,,,,
814,James Hazel,Adamson,3,male,,,,,,
600,F,Shaw,3,female,,,,,,
426,E,Simson,3,female,,,,,,
2844,Norman,Taylor,3,male,,,,,,
639,L T,Marsh,3,,,,,,,
2112,Edward,Dalton,3,male,,,,,,
2671,Jenner,Plomley,3,male,,,,,,
65,Lewis,Moss,3,male,,,,,,
766,Miss Lucy M B,Quaife,3,female,,,,,,
2692,Mrs.,Rankin,3,female,,,,,,
1799,,Winston and Co.,3,,,,,,,
721,Theo,Murcott,3,male,,,,,,
491,Miss H,Cooke,3,female,,,,,,
2378,W H,Howes,3,,,,,,,
317,Henry F,Reilly,3,male,,,,,,
1108,E,Follet,3,female,,,,,,
179,Mrs. H,Bull,3,female,,,,,,
2595,Carl,Nelson,3,male,,,,,,
1885,John Charles (Carlo),Asselin,3,male,,,,,,
527,James J H,Staples,3,male,,,,,,
115,William Edward,Toose,3,male,,,,,,
2679,Laura,Praeger,3,female,,,,,,
2391,Nelson,Illingworth,3,male,,,,,,
704,Miss Marian,Clarke,3,female,,,,,,
481,C W,Kennedy,3,male,,,,,,
1870,Henry Curzon,Allport,3,male,,,,,,
1954,Bessie,Boultbee,3,female,,,,,,
2039,,Christmas,3,,,,,,,
1448,A,Nibbs,3,male,,,,,,
112,Hippolyte Felix Ferdinand,Delarue,3,female,,,,,,
2895,Mary A.,Walker,3,female,,,,,,
863,W,Baillie,3,,,,,,,
2196,Dr. Carl,Fischer,3,female,,,,,,
489,James Xavier,Coutts,3,male,,,,,,
2131,Charles Hubert,de Castella,3,male,,,,,,
2554,L C,Mitchell,3,,,,,,,
171,R,Wilson,3,female,,,,,,
2651,Thomas,Peerless,3,male,,,,,,
1848,Guilio,Anivitti,3,male,,,,,,
650,Mrs. Sierlah,Nathan,3,female,,,,,,
479,Ambrose,Freeman,3,male,,,,,,
1780,Jessy Ada,Wildman,3,male,,,,,,
1875,John,Anderson,3,male,,,,,,
146,James C,Fussell,3,male,,,,,,
552,Miss,Gilhooley,3,female,,,,,,
1622,Therese,Seton,3,female,,,,,,
291,Miss Belinda,Lee,3,female,,,,,,
669,Stanley H,Uther,3,male,,,,,,
2725,Thomas,Robinson,3,male,,,,,,
800,Maggie J,Coulter,3,female,,,,,,
46,Henri,Niau,3,male,,,,,,
668,Miss G,Poole,3,female,,,,,,
881,C,Bates,3,male,,,,,,
2167,Miss,Eaton,3,female,,,,,,
449,Miss R A,Stewart,3,female,,,,,,
2126,W J,Davis,3,,,,,,,
2680,Henry,Press,3,male,,,,,,
506,George,Smith,3,male,,,,,,
610,J,Moore,3,male,,,,,,
286,A S,Huntley,3,male,,,,,,
359,Miss,Gether,3,female,,,,,,
2321,G M,Hardess,3,female,,,,,,
343,S,Coates,3,male,,,,,,
2342,Henry Heylyn,Hayter,3,male,,,,,,
2608,Francis Russell,Nixon,3,,,,,,,
2925,Charles B,Wherrett,3,male,,,,,,
2244,Francis Peter (Frank),Gale,3,,,,,,,
2353,Charles,Hewitt,3,male,,,,,,
1952,M J,Boswell,3,male,,,,,,
6,J,Griffiths,3,male,,,,,,
111,John Joseph,Davey,3,male,,,,,,
2184,J.P.,Farley,3,female,,,,,,
2020,Robert William,Bugg,3,male,,,,,,
524,Andrew,Hamilton,3,male,,,,,,
2277,William,Gould,3,male,,,,,,
2302,Frederick,Grosse,3,male,,,,,,
688,Mrs. N,Simmons,3,female,,,,,,
2796,John,Smith,3,male,,,,,,
1983,Ada Francis,Butler,3,female,,,,,,
634,Mrs. A P,Wood,3,female,,,,,,
2793,James,Smith,3,male,,,,,,
495,S W,McGowan,3,male,,,,,,
2716,John Rider,Roberts,3,male,,,,,,
828,V F P,Allen,2,male,,,,,,
318,Miss M A ,Phillips,2,female,,,,,,
158,W,Kemble,2,,,,,,,
903,Margaret M,Black,2,female,,,,,,
1048,E F,Dease,2,female,,,,,,
181,Miss,Bacon,2,female,,,,,,
2682,Thomas,Price,2,male,,,,,,
1632,Mrs. Lillian,Sherman,2,female,,,,,,
149,Thomas,Rowe,2,male,,,,,,
1074,Heiner,Egersdorfer,2,male,,,,,,
1155,John,Gould,2,male,,,,,,
1682,Frederick,Strange,2,male,,,,,,
165,Mrs. Augustus,Dillon,2,female,,,,,,
784,H G,Hills,2,female,,,,,,
2156,A M,Drake,2,male,,,,,,
825,John,Allan,2,male,,,,,,
952,Miss,Burrows,2,female,,,,,,
452,T E,Rodda,2,male,,,,,,
1980,Mary M,Burton,2,female,,,,,,
333,Miss S M,Tayler,2,female,,,,,,
45,M L,Lyons,2,male,,,,,,
200,Thomas,Thomas,2,male,,,,,,
999,Miss N D,Cleeve,2,female,,,,,,
1545,Marian,Rennick,2,female,,,,,,
2298,Jane L,Griffin,2,female,,,,,,
1959,Emily Stuart,Bowring,2,female,,,,,,
717,Mary Jane,Gourlay,2,female,,,,,,
655,Mrs. J,Edwards,2,female,,,,,,
355,R,Riches,2,,,,,,,
2534,A S,McGregor,2,,,,,,,
2456,William,Knight,2,male,,,,,,
2866,F B,Tompkins,2,female,,,,,,
1496,Anne,Paulson,2,female,,,,,,
1263,J,"Jenkins

Jenkins",2,,,,,,,
2629,Charles Alfred,Ogg,2,male,,,,,,
1365,Gother Victor Fyers,Mann,2,,,,,,,
1608,M,Scott,2,,,,,,,
649,Monica M.,Brown,2,female,,,,,,
413,Edith M,Lance,2,female,,,,,,
272,Theophile,Mesure,2,male,,,,,,
468,Mrs.,Mullins,2,female,,,,,,
2784,Mrs G G,Simpson,2,female,,,,,,
2517,,Mather,2,,,,,,,
2063,Morris Edwin,Cohen,2,male,,,,,,
1422,R,Moorhead,2,,,,,,,
321,Lucy,Rigby,2,female,,,,,,
2641,F J,Paterson,2,,,,,,,
1662,A F H,Stephen,2,,,,,,,
409,,Cook and Fox,2,,,,,,,
1009,A,Cook,2,,,,,,,
624,K E,Barlow,2,,,,,,,
412,,Heath and Cordell,2,,,,,,,
15,J,Gourbeillon,2,,,,,,,
1883,Joseph,Aresti,2,male,,,,,,
2723,J C,Robinson,2,male,,,,,,
2032,Eloise A,Chapman,2,female,,,,,,
1034,L M,Curtis,2,,,,,,,
2103,Arthur,Crux,2,male,,,,,,
83,Nathaniel,Billing,2,male,,,,,,
1641,G R,Smalley,2,,,,,,,
2382,Wilhelm,Huenert,2,male,,,,,,
810,S L,De Lough,2,,,,,,,
736,Minnie,Ickerson,2,female,,,,,,
1085,Maria Caroline,Evans,2,female,,,,,,
789,Miss,Miller,2,female,,,,,,
646,Mrs. W.M.,Wallis,2,female,,,,,,
1099,Robert D.,Fitzgerald,2,male,,,,,,
2937,Marion,Wilkes,2,female,,,,,,
2446,Theodore K.,King,2,male,,,,,,
2440,A Phillip,Kennedy,2,male,,,,,,
714,,Del Vescova & Sani,2,,,,,,,
975,W C,Carse,2,,,,,,,
2213,Mrs. W,Ford,2,female,,,,,,
2709,Thomas W,Rider,2,male,,,,,,
186,Thomas,Liddell,2,male,,,,,,
388,George,Barrington,2,male,,,,,,
962,Hon. John,Campbell,2,female,,,,,,
138,J,Johnstone,2,male,,,,,,
1374,John,Marshall,2,male,,,,,,
821,,Aikenhead and Button,2,,,,,,,
187,Charles,Jerrems,2,male,,,,,,
2486,John Campbell,Longstaff,2,male,,,,,,
2838,,"Swyer and Davies

Swyer and Davies",2,,,,,,,
2858,C,Thornton,2,male,,,,,,
1839,Nahum,Barnet,2,male,,,,,,
2097,,Cox and Luckin,2,,,,,,,
151,,Holst van,2,,,,,,,
609,Louis,Bilton,2,male,,,,,,
2703,A G,Reid,2,male,,,,,,
1276,J Trevor,Jones,2,male,,,,,,
2500,Angus,Maclean,2,male,,,,,,
327,Mrs. W,Peebles,2,female,,,,,,
2437,Elisabeth A,Kelly,2,female,,,,,,
2800,Benjamin Travers,Solly,2,male,,,,,,
2380,,Hubner,2,,,,,,,
803,Miss E A,Goddard,2,female,,,,,,
368,Mary E,Barry,2,female,,,,,,
1762,W,Webb,2,,,,,,,
1470,J D,Ogilby,2,male,,,,,,
929,J,Brazier,2,male,,,,,,
575,Edward,Huss,2,male,,,,,,
1697,Alfred H,Taylor,2,male,,,,,,
258,Rose,Lennon,2,female,,,,,,
546,Mrs. George B.,Montefiore,2,female,,,,,,
315,F P,Seddons,2,female,,,,,,
166,John,Neate,2,male,,,,,,
2013,Constance,Broyer,2,female,,,,,,
807,E A,Hume,2,female,,,,,,
2710,E m,Ridge,2,female,,,,,,
664,Emily M,Sparke,2,female,,,,,,
612,Miss Alice,Starkey,2,female,,,,,,
954,George,Butterfield,2,male,,,,,,
1294,,Knibbs,2,female,,,,,,
2232,William G W,Freeman,2,male,,,,,,
1918,E C,Baxter,2,female,,,,,,
604,Miss Lillie,Trym,2,female,,,,,,
1381,L.,Mason,2,female,,,,,,
216,,Mason and Firth,2,,,,,,,
206,James J,Blundell,2,male,,,,,,
1295,,Knight and Kemp,2,,,,,,,
2640,,Passmore,2,,,,,,,
690,J,Cooper,2,male,,,,,,
1409,H L,Montague,2,female,,,,,,
1877,Jane Reed,Anderson,2,female,,,,,,
2499,Mary,Mackie,2,female,,,,,,
936,J Lyne,Brown,2,male,,,,,,
844,T,"Antivitte,",2,male,,,,,,
1886,Charles Ernest,Astley,2,male,,,,,,
2419,Arthur E,Johnson,2,male,,,,,,
185,William,Boles,2,male,,,,,,
2230,Edward,Fraser,2,male,,,,,,
196,John George,Knight,2,male,,,,,,
1837,William,Pitt,2,male,,,,,,
699,F W,Woodhouse,2,female,,,,,,
2169,R H,Edmunds,2,female,,,,,,
2289,Charles,Green,2,male,,,,,,
2546,,Mickey,2,,,,,,,
386,J W,Ewin,2,male,,,,,,
693,Samuel,Davenport,2,male,,,,,,
2757,Helena and Harriet,Scott,2,female,,,,,2757.jpg,Q5703729
1382,W,Mason,2,,,,,,,
1408,Fearnleigh L,Montagu,2,,,,,,,
1850,Mary E,Anthoness,2,female,,,,,,
533,John L,Watkins,2,male,,,,,,
2257,William Sydney,Gibbons,2,male,,,,,,
2202,A,Fletcher,2,male,,,,,,
1942,,Blackwood and Goodes,2,,,,,,,
1676,Thomas,Stokes,2,male,,,,,,
9,F W,Barlow,2,female,,,,,,
1568,Henry J,Robottom,2,male,,,,,,
2116,Frederick Robert,D'Arcy,2,male,,,,,,
2646,Joshua,Payne,2,male,,,,,,
2743,Henry Samuel,Sadd,2,male,,,,,,
339,George,Austin,2,male,,,,,,
2928,John,White,2,male,,,,,,
1399,K. St. Barbe,Miller,2,female,,,,,,
1531,,Quarrill and Co.,2,,,,,,,
1996,Jacques Francois,Carabain,2,male,,,,,,
2496,Edgar Bertram,Mackennal,2,male,,,,,,
2386,Emma C,Huntsman,2,female,,,,,,
576,T,Lorimer,2,,,,,,,
2263,James,Gilbert,2,male,,,,,,
1271,,Jolley and Co,2,,,,,,,
595,Miss E,Hutton,2,female,,,,,,
2254,W,Ghislin,2,,,,,,,
2096,Julia,Cowie,2,female,,,,,,
350,Miss Lucie,Peapes,2,female,,,,,,
2278,William Buelow,Gould,2,male,,,,,2278.jpg,Q8006106
1895,Mary Ann,Badgery,2,female,,,,,,
2186,Francis,Fearn,2,male,,,,,,
1417,John,Moore,2,female,,,,,,
2256,Miss,Gibbons,2,female,,,,,,
2822,Arthur James,Stopps,2,male,,,,,,
2276,John Tangelder,Gorus,2,female,,,,,,
2653,Horace,Perkins,2,male,,,,,,
951,W H Carl,Burrowes,2,male,,,,,,
1849,,Anson Brothers,2,male,,,,,,
2901,Samuel,Walters,2,,,,,,,
977,J B,Castieau,2,,,,,,,
2552,(Sir) Thomas Livingstone,Mitchell,2,male,,,,,,
2930,Boyd,Whittle,2,male,,,,,,
384,Charles W,McCarthy,2,male,,,,,,
724,Miss,Ball,2,male,,,,,,
2939,William,Wilkins,2,male,,,,,,
239,J R,Wright,2,,,,,,,
941,Miss,Brownlow,2,male,,,,,,
1472,Miss,Oliver,2,male,,,,,,
2424,W B,Johnston,2,,,,,,,
561,William,Edwards and Kaul,2,female,,,,,,
676,M E,Deane,2,,,,,,,
549,Florence D (E.?),Mann,2,female,,,,,,
2439,John,Kemp,2,male,,,,,,
2615,W J,Norman,2,,,,,,,
1991,Marianne,Campbell,2,male,,,,,,
2961,J H,Worthy,2,,,,,,,
2285,John Woodcock,Graves,2,female,,,,,,
2163,Benjamin,Duterrau,2,male,,,,,,
2728,Florence,Rodway,2,male,,,,,,
1578,Miss,Rumsey,2,male,,,,,,
565,C,Harper,2,,,,,,,
2562,J G,Moore,2,female,,,,,,
357,Mrs M E,Scott,2,male,,,,,,
2080,Miss,Conroy,2,male,,,,,,
1660,Lewis,Steffanoni,2,female,,,,,,
144,Thomas,Hodgson,2,female,,,,,,
82,,Fergusson and Mitchell,2,male,,,,,,
1926,S R,Bellingham,2,male,,,,,,
897,Mrs. Louise,Birkenhead,2,,,,,,,
1698,E C,Taylor,2,,,,,,,
581,C E,Marriott,2,,,,,,,
257,Miss A M,Barker,2,female,,,,,,
907,R,Blakemore,2,,,,,,,
2017,John,Brunton,2,female,,,,,,
916,,Bohl,2,,,,,,,
494,Mrs.,Haydon,2,male,,,,,,
441,John,McLean,2,female,,,,,,
2622,A E,Oakley,2,,,,,,,
2141,,Dickser,2,,,,,,,
2720,J H,Robertson,2,,,,,,,
118,J,Hall,2,,,,,,,
2618,Miss K,Norton,2,female,,,,,,
288,Mrs.,Mosely,2,female,,,,,,
785,F,Fairfax,2,,,,,,,
564,,Hardwick,2,,,,,,,
2645,W,Payne,2,,,,,,,
1655,,Southerburgh,2,,,,,,,
2881,Gustave,van Hoorde,2,,,,,,,
1444,James,Neil,2,,,,,,,
401,J M,Kennedy,2,,,,,,,
651,E,Dobbie,2,,,,,,,
707,D J P,Sherriff,2,,,,,,,
536,M W,Ford,2,,,,,,,
1391,Master J W,May,2,male,,,,,,
1993,Alice,Canaway,2,female,,,,,,
583,,Spinks,2,,,,,,,
2221,Jane,Fowell,2,female,,,,,,
2053,Margaret Sarah,Cleburne,2,female,,,,,,
417,A,Herzog,2,,,,,,,
2283,George Woodroofe,Goyder,2,male,,,,,,
578,Pang Cheah Yeng,Chun,2,,,,,,,
2721,G E,Robertson,2,,,,,,,
1209,George,Hedgeland,2,male,,,,,,
2347,Thomas Shekleton,Henry,2,male,,,,,,
645,E B,Vaughan,2,,,,,,,
2160,,Duncan,2,male,,,,,,
2519,Miss,May,2,female,,,,,,
22,W G,Nicholl,2,,,,,,,
107,James,Donaldson,2,male,,,,,,
60,Alfred,Cook,2,,,,,,,
2498,Mr.,Mackenzie,2,male,,,,,,
2354,Joshua,Higgs,2,male,,,,,,
913,Alfred,Bock,2,male,,,,,,
14,S H A,Marsh,2,,,,,,,
377,Alexander,Johnston,2,male,,,,,,
422,G H,Teague,2,male,,,,,,
2201,,Fleming,2,male,,,,,,
503,Miss,Harris,2,female,,,,,,
925,T H,Boyd,2,,,,,,,
775,Gustave,Neymark,2,male,,,,,,
1248,C Horbury,Hunt,2,,,,,,,
2361,James Mayall,Hobday,2,male,,,,,,
2100,W T,Crosbie,2,male,,,,,,
2366,W J,Holder,2,male,,,,,,
2310,Algernon,Hall,2,male,,,,,,
1283,Mrs.,Kearney,2,female,,,,,,
130,Thomas,Corbett,2,male,,,,,,
2736,,Royal Photographic Company,2,,,,,,,
226,,Hamel and Co.,2,,,,,,,
470,C E Stuart,Murray,2,,,,,,,
2566,Francis S,Morgan,2,,,,,,,
1661,Miss L F,Stephen,2,female,,,,,,
2684,C Irene,Price,2,female,,,,,,
2364,C,Hoffman,2,,,,,,,
490,C S,Cornish,2,,,,,,,
1972,Henry,Bull,2,male,,,,,,
2309,Edward,Haigh,2,male,,,,,,
2935,Joseph Warrin,Wilder,2,male,,,,,,
2130,Patrick,Dawson,2,male,,,,,,
2025,G M,Challinor,2,,,,,,,
2632,Lionel,Ormerod,2,male,,,,,,
2663,Alfred,Pickering,2,male,,,,,,
1986,Nicholas John,Caire,2,male,,,,,,
567,Miss,Harvey,2,female,,,,,,
2550,,Milligan Brothers,2,,,,,,,
2708,Andrew,Rider,2,male,,,,,,
2877,,Tuttle and Co.,2,,,,,,,
2819,,Stewart & Co.,2,,,,,,,
2448,Thomas Fleet,King,2,,,,,,,
2158,Thomas,Duckett,2,,,,,,,
1474,John Walter,Osborne,2,male,,,,,,
1307,William,Leaf,2,male,,,,,,
2909,Thomas,Watts,2,male,,,,,,
2300,Nellie,Grindley,2,male,,,,,,
1028,Ht. de la,Crouee,2,,,,,,,
2242,William,Furlong,2,male,,,,,,
1540,William,Reay,2,male,,,,,,
2568,Rev. A,Morison,2,,,,,,,
2327,John,Harrison,2,male,,,,,,
1670,Emma von,Stieglitz,2,female,,,,,,
2572,Andrew,Morton,2,male,,,,,,
946,Richard,Buckner,2,male,,,,,,
2128,Aquila John,Davis,2,male,,,,,,
13,Madame Adelaide,Bertheau,2,male,,,,,,
2529,Archibald,McDonald,2,male,,,,,,
2383,William John,Huggins,2,male,,,,,,
1101,John,Flannagan,2,male,,,,,,
1843,Charles Abraham,D'Ebro,2,male,,,,,,
2639,P W,Parnell,2,,,,,,,
792,E,Tizard,2,,,,,,,
2290,Frederick George,Green,2,male,,,,,,
953,,Butler,2,,,,,,,
484,G,Henrard,2,,,,,,,
1440,Patrick,Nasmith,2,,,,,,,
1923,P,Becker,2,,,,,,,
2031,H S,Chapman,2,,,,,,,
2237,H M,Freyberger,2,,,,,,,
2532,Walter,McGill,2,,,,,,,
2898,A J,Wall,2,,,,,,,
27,James William,Waugh & Cox,2,male,,,,,,
957,Mrs John C.,Caffyn,2,female,,,,,,
671,F M,Lascelles,2,,,,,,,
1070,William,Edwards,2,male,,,,,,
2264,,George and Walton,2,,,,,,,
430,T,Glover,2,,,,,,,
2311,Robert,Hall,2,male,,,,,,
2121,John S,Davie,2,male,,,,,,
167,R J,Campbell,2,,,,,,,
425,E,Armitage,2,,,,,,,
2425,Arthur E,Johnston,2,male,,,,,,
842,,Angus and Elleray,2,,,,,,,
203,,Goodhugh and Trembath,2,,,,,,,
883,,Batson and Co.,2,,,,,,,
68,William,Fairfax,2,male,,,,,,
1306,Louisa,Lawson,2,female,,,,,,
1090,Francois,Fallet,2,male,,,,,,
1259,Theodore James,Jaques,2,male,,,,,,
404,William,Tocknell,2,male,,,,,,
476,Marie,Baass,2,female,,,,,,
164,K A H,McKenzie,2,,,,,,,
2513,Jessie C,Maryon-Wilson,2,female,,,,,,
1098,Miss M A ,Fitzgerald,2,female,,,,,,
178,W,Morris,2,,,,,,,
2781,Francis Guillemard,Simpkinson,2,,,,,,,
2856,,Thomas,2,,,,,,,
2406,W,James,2,,,,,,,
2275,Viscountess Georgina Jane,Gormanston,2,female,,,,,,
586,Ella,Simpson,2,female,,,,,,
1126,Miss Mary,Garrett,2,female,,,,,,
2044,Daniel,Clarke,2,male,,,,,,
2453,George B D,Kitch & Co.,2,male,,,,,,
2147,Ernest Brougham,Docker,2,male,,,,,,Q21537443
271,Miss Lily,Groat,2,female,,,,,,
2339,Henry,Haydon,2,male,,,,,,
857,Angelo,Azzopardi,2,male,,,,,,
2166,William,Eastwood,2,male,,,,,,
1432,A J,Murray,2,,,,,,,
582,Miss,Robb,2,female,,,,,,
557,Miss,Baillie,2,female,,,,,,
1779,Florence A.,Wildman,2,female,,,,,,
2652,,Percy,2,,,,,,,
1563,Annie Irvine,Robertson,2,female,,,,,,
1357,A B,McMinn,2,,,,,,,
1064,D R,Drape,1,,,,,,,
772,Charles Herbert,Topham,1,male,,,,,,
1534,,Randu,1,,,,,,,
1709,L E,Threlkeld,1,,,,,,,
1061,Edward,Dowling,1,male,,,,,,
1649,R. Burrell,Smith,1,,,,,,,
1573,A.C.,Roth,1,,,,,,,
2048,W,Clarkson,1,,,,,,,
2700,,"Reed, Smart and Tappin",1,,,,,,,
2438,C M,Kelly,1,,,,,,,
1599,Miss L A ,Saxby,1,female,,,,,,
1426,Mrs E,Mosley,1,female,,,,,,
698,Helen,Willi,1,female,,,,,,
964,Mathew,Campbell,1,male,,,,,,
1361,Frank,Madden,1,male,,,,,,
1717,G,Triest,1,,,,,,,
1479,Meinna,Paige,1,,,,,,,
1368,Florence,Marr,1,female,,,,,,
2855,Grosvenor,Thomas,1,male,,,,,,
1688,Miss A M,Summerbelle,1,female,,,,,,
862,R C,Bagot,1,,,,,,,
2801,Saul,Solomon,1,male,,,,,,
1003,Miss,Coates,1,female,,,,,,
1123,J,Gant,1,,,,,,,
1302,A,Laurence & Co.,1,,,,,,,
2741,Henry Chamberlaine,Russell,1,,,,,,,
1527,Edward,Pulsford,1,,,,,,,
691,Mary J,Wratislaw,1,female,,,,,,
395,G A,Steinmeyer,1,,,,,,,
1765,John,Welby,1,male,,,,,,
2874,,Tulloch and Brown,1,,,,,,,
435,Miss Amy,Steel,1,female,,,,,,
1541,James,Redaway & Sons,1,male,,,,,,
738,Mrs. G H,Hunt,1,female,,,,,,
2794,Evan,Smith,1,male,,,,,,
152,Mrs Harriette,Kerr,1,female,,,,,,
795,H M L,Atcherley,1,,,,,,,
920,C,Botham,1,,,,,,,
806,Miss Annie,Hale,1,female,,,,,,
1705,Miss N Deas ?,Thompson,1,female,,,,,,
1973,C,Bumnermann,1,,,,,,,
2504,Frank and Albert,Mahony and Fullwood,1,male,,,,,,
1834,Alfred,Sinclair,1,male,,,,,,
1205,R,Hatterley,1,,,,,,,
2320,William A L S,Hanson,1,male,,,,,,
2134,R,Delaney,1,,,,,,,
2798,Phoebe,Snowball,1,female,,,,,,
2814,,Stamer,1,,,,,,,
1211,James,Henderson,1,male,,,,,,
1887,Miss,Atchison,1,female,,,,,,
809,Madeline E,King,1,female,,,,,,
207,Frederick W,Birmingham,1,male,,,,,,
532,T W,Williams,1,,,,,,,
453,J W,Rymer,1,,,,,,,
926,James,Branch,1,male,,,,,,
2616,Adelsteen,Normann,1,,,,,,,
2960,Thomas J,Wollaston,1,,,,,,,
2007,Clare,Brook,1,female,,,,,,
2712,John,Riegg,1,male,,,,,,
2630,D,Ogilby,1,,,,,,,
2140,Charles,Dicker,1,male,,,,,,
2155,Mark,Dowling,1,male,,,,,,
1683,A,Street,1,,,,,,,
2195,Charles Edward,Firnhaber,1,male,,,,,,
1755,Henry,Waters,1,male,,,,,,
908,Myer M,Blashki,1,,,,,,,
2313,Bernard,Hall,1,male,,,,,,
1389,James,May,1,male,,,,,,
2699,Mina,Reed,1,female,,,,,,
768,Miss Narcissa E,West,1,female,,,,,,
2471,Miss M M,Leonard,1,female,,,,,,
799,B Eyton,Bradwyn,1,,,,,,,
2812,Ernest,Spong,1,male,,,,,,
78,E W,Cole,1,,,,,,,
2685,Henry Charles,Prinsep,1,male,,,,,,
2731,George,Rossi,1,male,,,,,,
375,J A,Knight,1,,,,,,,
360,Miss Alice,Foy,1,female,,,,,,
2902,E S,Walters,1,,,,,,,
76,George,Mercer,1,male,,,,,,
436,W E,Smith,1,,,,,,,
133,Henry F,Lewis,1,male,,,,,,
2785,James,Sinclair,1,male,,,,,,
1059,,Doddington,1,,,,,,,
2555,Ernest E,Moffit,1,male,,,,,,
1293,R C & Co.,Knaggs,1,,,,,,,
2270,Charles Edward,Glass,1,male,,,,,,
2422,Thomas,Johnston,1,male,,,,,,
2603,W G,Nicholl,1,,,,,,,
1947,H J,Boddington,1,,,,,,,
2412,J,Jeakins,1,,,,,,,
512,F G,O'Neill,1,,,,,,,
858,Benjamin,Backhouse,1,male,,,,,,
853,Thomas,Austin,1,male,,,,,,
77,Peter,Matthews,1,male,,,,,,
90,,Smith and Watts,1,,,,,,,
100,James,Wynn,1,male,,,,,,
939,George,Browne,1,male,,,,,,
1696,,"Tappin, Dennehy & Smart",1,,,,,,,
70,Michael,Egan,1,male,,,,,,
505,,Fox & Oakden,1,,,,,,,
525,R H,Hanan,1,,,,,,,
23,T,Field,1,,,,,,,
2775,J H & Co.,Sherring,1,,,,,,,
2954,H Stuart,Wilshire,1,,,,,,,
33,F S,Browne,1,,,,,,,
1610,Alexander Walker,Scott,1,male,,,,,,
29,,Woolcott and Clarke,1,,,,,,,
2281,A F,Gow,1,,,,,,,
1860,Alfred,Addy,1,male,,,,,,
482,C N,Kennedy,1,,,,,,,
2705,.,Reverdy,1,,,,,,,
2873,J.S.,Tudgery,1,,,,,,,
2896,Mrs. E J ,Walker,1,female,,,,,,
1139,Thomas,Gill,1,male,,,,,,
2146,John Cowpland,Dixon,1,male,,,,,,
1893,Benjamin Herschel,Babbage,1,male,,,,,,
510,C K,Roeszler,1,,,,,,,
1121,A S,Furber,1,,,,,,,
218,A.D.,Mills,1,,,,,,,
2774,,Sherrif and Downing,1,,,,,,,
1746,G A,Ward,1,,,,,,,
2742,,S.T. Leigh & Co.,1,,,,,,,
437,George,Short,1,male,,,,,,
444,Archibald,Liversidge,1,male,,,,,,
2392,,Imperial Photo Company,1,,,,,,,
2400,J H,Irvine,1,,,,,,,
2722,T S,Robins,1,,,,,,,
1339,,"McCarron, Bird & Co.",1,,,,,,,
2613,F,Noice,1,,,,,,,
2338,Seymour,Hayden,1,male,,,,,,
2524,Mattie,McCarthy,1,male,,,,,,
740,William,Hogarth,1,male,,,,,,
1871,Curzon,Allport,1,male,,,,,,
1907,F,Barracci,1,,,,,,,
2335,Charles,Harwell,1,male,,,,,,
154,Joseph,Durham,1,male,,,,,,
2466,Benjamin,Law,1,male,,,,,,
1654,A,Souipe,1,,,,,,,
2154,H.,Dowling,1,,,,,,,
1447,John F,Newman,1,male,,,,,,
608,A,Whittaker,1,,,,,,,
1856,Lement Francis,Abbott,1,male,,,,,,
71,George F,Easther,1,male,,,,,,
485,Herbert,Dicksee,1,male,,,,,,
1072,C,Edwards,1,,,,,,,
1111,C M,Foster,1,,,,,,,
198,F,Terlecki,1,,,,,,,
2867,,Treede and Prenzel,1,,,,,,,
1700,,Telfer and Fleming,1,,,,,,,
1168,,Hackett brothers,1,,,,,,,
195,,James Murray & Co.,1,,,,,,,
2336,W,Haswell,1,,,,,,,
870,W M,Bale,1,,,,,,,
1581,Charles,Russell,1,male,,,,,,
2637,H.,Park,1,,,,,,,
219,John Simpson Mackennal & James Scurry,Mackennal and Scurry,1,male,,,,,,
729,Edmund Thomas,Rider,1,male,,,,,,
921,A.C.,Bowman,1,,,,,,,
993,Capt. R E,Clarke,1,,,,,,,
1653,Richard B,Smythe,1,male,,,,,,
11,John,Bernasconi,1,male,,,,,,
2416,Alice,Jennings,1,female,,,,,,
1801,Gerard,Wonthorst,1,male,,,,,,
2818,D,Stewart,1,,,,,,,
2656,H.,Pestell,1,,,,,,,
1948,Mrs. W,Bolam,1,female,,,,,,
2590,G P,Neale,1,,,,,,,
2917,,Webb & Taylor,1,,,,,,,
1666,R,Stevenson,1,,,,,,,
2143,T,Dickson,1,,,,,,,
1680,Frances E,Stonier,1,,,,,,,
1832,Walter Baldwin,Spencer,1,male,,,,,,
145,A N,Ellis,1,,,,,,,
298,A J,Murray,1,,,,,,,
822,Anthony,Alder,1,male,,,,,,
2946,Thomas S,Williams,1,male,,,,,,
1087,S,Ewan,1,,,,,,,
1219,Mrs G B.,Hetley,1,female,,,,,,
2797,,Smith and Johnson,1,,,,,,,
1223,R,Hills,1,,,,,,,
2865,Emil Hermann,Todt,1,male,,,,,,
2408,Gilbert,James,1,male,,,,,,
2358,M M,Hinton,1,,,,,,,
2737,,Royal Society of Victoria,1,,,,,,,
1304,,Lawson & Pearson,1,,,,,,,
866,William Kellett,Baker,1,male,,,,,,
1439,A,Naftel,1,,,,,,,
572,S,H.,1,,,,,,,
1548,W A L,Richards,1,,,,,,,
742,Miss J,England,1,female,,,,,,
2204,Miss,Flinn,1,female,,,,,,
2769,E m,Shaw,1,,,,,,,
2021,Rosa,Carter,1,female,,,,,,
2175,,Etty,1,,,,,,,
2482,O. and Alexander,Livezey,1,,,,,,,
2162,,Duryea and Macdonald,1,,,,,,,
2387,John,Hutchinson,1,male,,,,,,
728,A M,Roberts,1,,,,,,,
498,Mrs.,Hunt,1,female,,,,,,
1733,R,von Lendenfeld,1,,,,,,,
1461,A J,North,1,,,,,,,
335,Miss E G,Sandford,1,female,,,,,,
739,John,Kirkpatrick,1,male,,,,,,
1925,John,Bell,1,male,,,,,,
2394,G C,Inskip,1,,,,,,,
1162,Benjamin J,Grice,1,male,,,,,,
1152,William T,Gore,1,male,,,,,,
2475,Bert,Levy,1,male,,,,,,
2165,H S,East,1,,,,,,,
2490,Henry W,Lynn,1,male,,,,,,
1891,George Brougham,Austin,1,male,,,,,,
732,Herbert S,Thompson,1,male,,,,,,
1994,G,Canning,1,,,,,,,
1397,J,Miller,1,,,,,,,
2809,Richard,Speight,1,male,,,,,,
69,W H,Ellerker,1,,,,,,,
92,Alfred,Snow,1,male,,,,,,
215,Andrew,McWilliams,1,male,,,,,,
2510,Mr.,Martin,1,male,,,,,,
969,R,Capner,1,,,,,,,
1938,J,Black,1,,,,,,,
2670,,Pitt,1,,,,,,,
1854,,Abbott,1,,,,,,,
2744,Giles,Saint,1,male,,,,,,
2745,James,Saint,1,male,,,,,,
2842,Walter E,Taylor,1,male,,,,,,
915,B C,Bohe,1,,,,,,,
1160,Mary,Greenlaw,1,female,,,,,,
12,Edward,Baldwin,1,male,,,,,,
2899,Miss,Wallen,1,female,,,,,,
1336,John L,Lyall,1,male,,,,,,
1750,Miss Nellie,Warner,1,female,,,,,,
2897,Harry,Walker,1,male,,,,,,
1366,G A,Mansfield,1,,,,,,,
2585,Frank,Nairn,1,male,,,,,,
434,Miss E,Warner,1,female,,,,,,
2792,Bernhard,Smith,1,male,,,,,,
2605,B B,Nicholson,1,,,,,,,
2462,George Washington,Lambert,1,male,,,,,2462.jpg,Q2545507
1206,,Hauntsadt,1,,,,,,,
1642,Mrs R K,Smart,1,female,,,,,,
1979,Rose Hill,Burton,1,female,,,,,,
769,Miss Minna,Thompson,1,female,,,,,,
1318,T P,Lewis,1,,,,,,,
1398,J,Miller & Co.,1,,,,,,,
715,Henry Richards,Caselli,1,male,,,,,,
1939,,Black and Hughes,1,,,,,,,
2369,Henry,Holmes,1,male,,,,,,
134,John H,Ferris,1,male,,,,,,
2363,W C,Hodder,1,,,,,,,
1127,W,Gartner,1,,,,,,,
2443,W A,Kerr,1,,,,,,,
2686,,Priston and Small,1,,,,,,,
2540,,Medows,1,,,,,,,
1867,Josiah W,Allen,1,male,,,,,,
1769,,Wensley and Wensley,1,,,,,,,
2268,,Girondin,1,,,,,,,
193,,Schmidt Brothers,1,,,,,,,
1499,J W & Co.,Pearson,1,,,,,,,
2028,,Channon and Co.,1,,,,,,,
2371,John,Hood,1,male,,,,,,
2331,Elijah,Hart,1,male,,,,,,
2329,,Harrison & Co.,1,,,,,,,
2203,P,Fletcher-Watson,1,,,,,,,
1485,George,Parkinson,1,male,,,,,,
2123,E,Davies,1,,,,,,,
244,L F,Sachs,1,,,,,,,
2782,E,Simpson,1,,,,,,,
81,A,Ramage,1,,,,,,,
1897,M,Bailey,1,,,,,,,
2066,,Coliman,1,,,,,,,
1238,G,Hooworth,1,,,,,,,
2252,Emma,Geory,1,female,,,,,,
382,A J,Plummer,1,,,,,,,
2071,,Collins,1,,,,,,,
2582,A S,Murray,1,,,,,,,
2674,George,Pontin,1,male,,,,,,
2016,Vincent,Brun,1,male,,,,,,
199,J,Brache,1,,,,,,,
743,A,Donnelly,1,,,,,,,
2212,G,Ford,1,,,,,,,
159,Miss J J,Ireland,1,female,,,,,,
2571,Charles,Morton,1,male,,,,,,
2575,Ferdinand Jakob Heinrich von,Mueller,1,male,,,,,,
2403,,J.A. Holden and Co.,1,,,,,,,
2312,William,Hall,1,male,,,,,,
553,Miss Kate,Hervey,1,female,,,,,,
2648,,Pedrazzi,1,,,,,,,
1214,James,Henry,1,male,,,,,,
2606,Isaac Scott,Nind,1,male,,,,,,
1137,Edward,Gilks,1,male,,,,,,
2926,,Wherrett and Co.,1,,,,,,,
1809,E J,Woods,1,,,,,,,
538,Frank A,Geiger,1,male,,,,,,
1595,Benjamin,Saunders,1,male,,,,,,
106,George,"Bennett, M.D.",1,male,,,,,,
411,,Littleton,1,,,,,,,
2941,Charles Smith,Wilkinson,1,male,,,,,,
2717,B,Roberts,1,,,,,,,
1161,,Gresmore,1,,,,,,,
2086,,Cooper and Panmore,1,,,,,,,
2556,William,Moffit,1,male,,,,,,
337,F C,Burton,1,,,,,,,
24,William Edward,Ellis,1,male,,,,,,
2767,B J,Sharp,1,,,,,,,
2934,Miss,Wignall,1,female,,,,,,
1081,C,Ettern,1,,,,,,,
2829,J,Summers,1,,,,,,,
2180,R,Fairthorne,1,,,,,,,
2569,Miss L,Morison,1,female,,,,,,
2672,,Plummer,1,,,,,,,
2332,Henry,Hart,1,male,,,,,,
2567,George Pitt,Morison,1,male,,,,,,
334,Mrs. Tristram,Squire,1,female,,,,,,
2200,Rosa Catherine,Fiveash,1,female,,,,,,
1182,Camilla F,Hammond,1,female,,,,,,
1584,F J,"S.

S.",1,,,,,,,
331,Miss,Tindall,1,female,,,,,,
2385,Miss M J,Hunt,1,female,,,,,,
2012,J W,Brown,1,,,,,,,
2713,W,Riley,1,,,,,,,
266,Miss E A,Higgins,1,female,,,,,,
2539,Nellie,Meave,1,female,,,,,,
879,E G,Barton,1,,,,,,,
1966,,Breghels,1,,,,,,,
2563,Charles,Moore,1,male,,,,,,
1007,John Fairfax,Conigrave,1,male,,,,,,
1859,,Absolom,1,,,,,,,
2119,,Davidson,1,,,,,,,
1272,Miss,Jones,1,female,,,,,,
342,H.,Hamsselin,1,,,,,,,
446,Miss Muriel M,Loughnan,1,female,,,,,,
398,John Dunmore,Lang,1,male,,,,,,
2922,Rev. John,Rolwegan,1,male,,,,,,
730,Catherine W,Paterson,1,female,,,,,,
340,Mrs. F,Woodhouse,1,female,,,,,,
2947,Tom (Thomas William),Williams,1,male,,,,,,
2795,E E,Smith,1,,,,,,,
2434,William,Joyner,1,male,,,,,,
725,A Izett,Watson,1,,,,,,,
2011,J E,Brown,1,,,,,,,
131,"Son, and Steffanoni",Reading,1,male,,,,,,
2945,G A,Williams,1,,,,,,,
1038,Harry,Dangar,1,male,,,,,,
1482,Josephine,Palmer,1,female,,,,,,
113,,Flavelle Brothers and Roberts,1,,,,,,,
2055,Raphael,Clint,1,male,,,,,,
1441,T P,Neal,1,,,,,,,
2409,,Jansen,1,,,,,,,
1962,,Bracklear,1,,,,,,,
2151,Mrs.,Doolan,1,female,,,,,,
2308,Louis,Haghe,1,male,,,,,,
2535,,McInnis,1,,,,,,,
2037,Louise,Christie,1,female,,,,,,
2887,William Richard,Wade,1,male,,,,,,
777,Flora C,Munro,1,female,,,,,,
846,S W,Armfield,1,,,,,,,
1290,,Kilpatrick & Co.,1,,,,,,,
1192,,Hardy Brothers,1,,,,,,,
2638,Sydney,Parkinson,1,,,,,,,
1853,Rose C,Aaroles,1,female,,,,,,
2407,William,James,1,male,,,,,,
2845,H J,Taylor,1,,,,,,,
943,Marcus Blake,Brownrigg,1,male,,,,,,
2260,,Gibbs,1,,,,,,,
1438,,Myers,1,,,,,,,
1868,Eliza,Allen,1,female,,,,,,
2678,Sarah Westall,Poynter,1,female,,,,,,
176,D A,Parker,1,,,,,,,
1930,,Bentley,1,,,,,,,
2008,Edwin Stanley,Brookes,1,male,,,,,,
169,W G,Eddington,1,,,,,,,
1213,Wilhelm,Hennert,1,male,,,,,,
389,J,Keely,1,,,,,,,
2523,John,McArthur,1,male,,,,,,
2564,H.,Moore,1,,,,,,,
2587,,Nassel,1,,,,,,,
2592,Jun,Neimann,1,,,,,,,
2676,G,Poussin,1,,,,,,,
2726,W,Rocloss,1,,,,,,,
1019,Charlotte,Cowley,1,female,,,,,,
745,Miss Esther A,Cripps,1,female,,,,,,
2489,Miss B,Lumsden,1,female,,,,,,
1935,H.,Birtler,1,,,,,,,
1241,,Horlot,1,,,,,,,
2624,,O'Conner,1,,,,,,,
1736,,Walch Brothers and Birchall,1,,,,,,,
2474,S J,Levitt,1,,,,,,,
1840,William,Wilkinson,1,male,,,,,,
1560,L J,Roberts,1,,,,,,,
2502,Mademoiselle,Jarotha,1,female,,,,,,
2849,Alfred,Tennyson,1,male,,,,,,
2920,John,Le Gay Brereton,1,male,,,,,,
2576,Professor Max,Muller,1,male,,,,,,
1905,Sir Joseph,Banks,1,male,,,,,,
2415,Dr.,Jenner,1,,,,,,,
2436,William Porden,Kay,1,male,,,,,,
1110,Mrs E,Forde,1,female,,,,,,
2304,John Edward,Grube,1,male,,,,,,
209,,Campbell and Ferguson,1,,,,,,,
2477,Charles Whybrow,Ligar,1,male,,,,,,
190,T,Schoenfeld,1,,,,,,,
988,R,Chilton,1,,,,,,,
922,Mrs. J S,Bowman,1,female,,,,,,
2696,W,Reading,1,,,,,,,
906,Miss,Blair,1,female,,,,,,
2381,,Hudson,1,,,,,,,
1858,Louis,Abrahams,1,male,,,,,,
2773,Catherine Elizabeth,Sheppard,1,female,,,,,,
1437,E A,Myer,1,,,,,,,
217,John,Millar,1,male,,,,,,
827,,Allen and Tuxen,1,,,,,,,
514,,Maxwell & Phillips,1,,,,,,,
1120,Douglas James,Frost,1,male,,,,,,
2626,,"Office of Secretary for Mines

Office of Secretary for Mines",1,,,,,,,
956,Frederick A,Cadell,1,male,,,,,,
221,A M,Williams,1,,,,,,,
440,M E,Meyer,1,,,,,,,
433,,Neil Waschsnuth & Co.,1,male,,,,,,
85,A B,Ainsworth,1,,,,,,,
2225,John,Francis,1,male,,,,,,
1253,,"Huxley, Parker & Co.",1,,,,,,,
1701,Pietro,Tenerani,1,male,,,,,,
2910,J,Watts,1,,,,,,,
338,F H,Barnard,1,,,,,,,
163,J W,Ellen,1,,,,,,,
2430,Mary,Jones,1,female,,,,,,
509,Mr.,Russell,1,male,,,,,,
641,Lloyd,Taylor,1,male,,,,,,
1542,,"Reid, J.A. & Howitt, A.W.",1,,,,,,,
2694,John Barr Clarke,Raworth,1,male,,,,,,
2042,Hedley,Churchward,1,male,,,,,,
1268,W,Johnston,1,,,,,,,
2625,Marshall,O'Donnell,1,male,,,,,,
379,Miss,Sharp,1,female,,,,,,
1492,James Scott,Paterson,1,male,,,,,,
477,A W,Weedon,1,,,,,,,
519,H C ,Wollett,1,,,,,,,
1941,Olaf William,Blackwood,1,male,,,,,,
28,J C,White,1,,,,,,,
944,G,Bruhn,1,,,,,,,
2940,A J,Wilkinson,1,,,,,,,
2118,F,Darvall,1,,,,,,,
2231,,Freedler,1,,,,,,,
1992,Sydney George,Camroux,1,male,,,,,,
2047,,Clarke,1,,,,,,,
2565,William Gosling,Moore,1,male,,,,,,
2319,Theodore Brooke,Hansen,1,male,,,,,,
2650,James,Peele,1,male,,,,,,
1551,James Crowe,Richmond,1,male,,,,,,
2657,James Buckingham,Philp,1,male,,,,,,
930,F C,Brewer,1,,,,,,,
1711,George,Tolhurst,1,male,,,,,,
1783,,Wilkie and Co.,1,,,,,,,
1452,,Nicholson & Co,1,,,,,,,
1142,W H,Glen & Co.,1,,,,,,,
2157,Charles,Drinkwater,1,male,,,,,,
2059,S W,Cochrane,1,,,,,,,
523,E,Gaine,1,,,,,,,
2191,Susan Georgina Marianne,Fereday,1,female,,,,,,
344,W M,Hodgkins,1,,,,,,,
309,David,Drape,1,male,,,,,,
2669,William,Pitt,1,male,,,,,,
177,J C,Fisher,1,,,,,,,
887,,Beard,1,,,,,,,
747,Lydia Gresford,Cowley,1,female,,,,,,
2905,S,Warner,1,,,,,,,
2921,E H ,West,1,,,,,,,
1481,Harry,Palmer,1,male,,,,,,
2758,C E,Scott,1,,,,,,,
1191,Thomas,Hardy,1,male,,,,,,
1793,Miss F A,Wilson,1,female,,,,,,
2423,Henry,Johnston,1,male,,,,,,
2916,T P,Webb,1,,,,,,,
1826,F,Albert,1,,,,,,,
860,,Baddington,1,,,,,,,
1815,,Worsemann,1,,,,,,,
2421,R M,Johnston,1,,,,,,,
191,F L,Piguenit,1,,,,,,,
2666,William Charles & Peter Gordon,Piguenit & Fraser,1,male,,,,,,
2493,E C,Mace,1,,,,,,,
2906,,Waterman,1,,,,,,,
1976,Arthur Horace,Burkitt,1,male,,,,,,
2473,Thomas Fisher,Levick,1,male,,,,,,
1936,Bessie,Bisdee,1,female,,,,,,
2762,Walter,Seehusen,1,male,,,,,,
399,Francis,Campbell,1,,,,,,,
483,C,Jones,1,,,,,,,
1761,Miss,Webb,1,female,,,,,,
1956,Annie J,Boulton,1,female,,,,,,
710,J,Trevor-Jones,1,,,,,,,
765,Herbert W,Cotton,1,male,,,,,,
788,T W,Williams,1,,,,,,,
2752,Jessie E,Scarvell,1,female,,,,,,
2664,,Pierson,1,,,,,,,
96,J K,Robshaw,1,,,,,,,
1317,,Levy Brothers,1,,,,,,,
128,H.,Roberts,1,,,,,,,
1181,J,Hammer,1,,,,,,,
545,J,Naylor,1,,,,,,,
889,Miss J Margaret,Beck,1,female,,,,,,
2863,Geoffrey G.,Tippett,1,male,,,,,,
515,F,Price,1,,,,,,,
1699,T G,Taylor,1,,,,,,,
2049,Annie H,Clarke,1,female,,,,,,
42,Miss,Eichler,1,female,,,,,,
613,Mrs. J,Shorter,1,female,,,,,,
2139,Robert Lowes,Dibdin,1,male,,,,,,
26,John,Thompson,1,male,,,,,,
2749,Sophia Elizabeth,Sasse,1,female,,,,,,
776,J I,Palmer,1,,,,,,,
1937,,Bisson Brothers,1,,,,,,,
2955,Thomas,Wingate,1,male,,,,,,
2675,Bingingee Sorabjee,Poochee,1,,,,,,,
2659,Mr.,Phillips,1,male,,,,,,
1825,Mrs.,Steele,1,female,,,,,,
882,W T,Bates and Co.,1,,,,,,,
74,James,Naylor,1,male,,,,,,
188,,Gardiner and Co,1,,,,,,,
174,,Mathieson,1,,,,,,,
2501,Macneil,Macleay,1,male,,,,,,
2243,Mrs.,Gaggin,1,female,,,,,,
2469,Robert,Lee,1,male,,,,,,
692,E A,Bonney,1,,,,,,,
1425,B S,Morton,1,,,,,,,
2199,Michael,Fitzpatrick,1,male,,,,,,
2541,James McKain,Meek,1,male,,,,,,
2033,Miss,Chapman,1,female,,,,,,
2511,D,Martin,1,,,,,,,
2688,Robert,Pybus,1,male,,,,,,
2701,R (Rowland),Rees,1,,,,,,,
80,Joseph (Reed),Reed and Barnes,1,male,,,,,,
250,V A V,Delarue,1,,,,,,,
1125,D. & Son,Garlick,1,male,,,,,,
2783,G G,Simpson,1,,,,,,,
1901,,Baker and Rouse,1,,,,,,,
2483,Albert,Lomer,1,male,,,,,,
2405,Edward J,James,1,male,,,,,,
513,James,Oddie,1,male,,,,,,
2481,John,Little,1,male,,,,,,
1911,,Barroni and Co.,1,,,,,,,
2235,,Freeman Brothers & Wheeler,1,,,,,,,
1963,William,Bradley,1,male,,,,,,
2813,Stephen,Spurling,1,male,,,,,,
2805,W T,Soulby,1,,,,,,,
2433,Robert E.,Joseph,1,male,,,,,,
2596,,Nelson & Co.,1,,,,,,,
2306,Robert William,Guilfoyle,1,male,,,,,,
1957,Dr.,Bowie,1,,,,,,,
2094,B,Cowderoy,1,,,,,,,
2724,Thomas W,Robinson,1,male,,,,,,
894,A,Bennett,1,,,,,,,
511,W J,Roberts,1,,,,,,,
1882,,Ardern and Hall,1,,,,,,,
1904,H B,Ballard,1,,,,,,,
1921,J H,Beaumont,1,,,,,,,
1934,Charles L,Birkin,1,male,,,,,,
1968,,Brewster and Campbell,1,,,,,,,
967,W,Candy,1,,,,,,,
2034,,Charlemont & Co.,1,,,,,,,
1056,H S,Dickson,1,,,,,,,
2152,Henry,Dorner,1,,,,,,,
2219,,Foster and Martin,1,,,,,,,
2253,Henry H,Geyer,1,,,,,,,
1158,G L,Graham,1,,,,,,,
2303,,Grouzelle & Co.,1,,,,,,,
1169,,Hall and Fitzmaurice,1,,,,,,,
1186, T D,Hannaford,1,,,,,,,
2349,Gustavus A C B,Herfort,1,male,,,,,,
2352,,Hetzer and Degotardi,1,,,,,,,
2357,,Hill & Co.,1,,,,,,,
2451,Henry,King,1,male,,,,,,
2458,Johan Frederick Carl (Fred),Kruger,1,male,,,,,,
2465,William T B,Latimer,1,male,,,,,,
2507,,Marks & Co.,1,,,,,,,
2530,D,McDonald,1,,,,,,,
1355,H.,McKie,1,,,,,,,
2584,,Nagel & Co.,1,,,,,,,
2601,William Augustus,Nicholas,1,male,,,,,,
1465,C T,Norton,1,,,,,,,
2635,John,Paine,1,male,,,,,,
1510,J D,Pierce,1,,,,,,,
1514,W,Porteous,1,,,,,,,
1585,C,Sabelberg,1,,,,,,,
2789,Jabez W,Small,1,,,,,,,
2802,Henry B,Solomons,1,male,,,,,,
2876,W N,Tuttle,1,,,,,,,
2882,H.,Vanheens,1,,,,,,,
2918,,Webb and Webb,1,,,,,,,
1811,W C,Woolcott,1,,,,,,,
1866,Mr. & Mrs.,Allen,1,,,,,,,
1197,H.,Harrison,1,,,,,,,
995,W B,Clarke,1,,,,,,,
2161,Townsend,Duryea,1,male,,,,,,
1502,Ethel Charlotte,Pedley,1,female,,,,,,
2573,John,Morton,1,male,,,,,,
2661,,Photographic Society of Victoria,1,,,,,,,
2633,James W,Osborne,1,male,,,,,,
2333,,Hart and Roux,1,,,,,,,
2370,Robin Vaughan,Hood,1,,,,,,,
2041,T,Churchill,1,,,,,,,
1262,M S,Jendrzejowski,1,,,,,,,
189,,Mansfield Brothers,1,male,,,,,,
2778,L.,Sievwright,1,,,,,,,
1216,F,Henty,1,,,,,,,
2846,S,Taylor,1,,,,,,,
2226,Carrie,Francis,1,female,,,,,,
2142,Bassett,Dickson,1,,,,,,,
2113,Herbert,Daly,1,male,,,,,,
276,F B,Llark,1,,,,,,,
2468,J A. Stanger,Leathes,1,,,,,,,
2399,E H ,Irvine,1,,,,,,,
1823,R,Irving,1,,,,,,,
1998,Miss B,Carre-Riddall,1,female,,,,,,
1001,John,Clulow,1,male,,,,,,
1371,Stephen,Marsh,1,male,,,,,,
711,Miss Lizzie,Benjamin,1,female,,,,,,
1943,William,Bland,1,male,,,,,,
535,Miss,Dibbs,1,female,,,,,,
2153,Gerard,Dow,1,male,,,,,,
2398,Mrs. H,Irvine,1,female,,,,,,
547,R B F,Lowe,1,,,,,,,
2514,David,Masson,1,male,,,,,,
1553,John,Riddle,1,male,,,,,,
2804,E,Sothern,1,,,,,,,
1822,E m,Zollner,1,,,,,,,
2772,Benjamin,Sheppard,1,male,,,,,,
1917,Joseph Wellesen,Baume,1,male,,,,,,
790,Catherine (Miss),Divine,1,female,,,,,,
2479,Henry,Lingham,1,male,,,,,,
2537,Eliza Mary,McQuade,1,female,,,,,,
2620,J,Nutter,1,,,,,,,
626,,Cordon,1,,,,,,,
836,W. McLeod,Anderson,1,,,,,,,
2693,John,Raw,1,male,,,,,,
2396,Adelaide Eliza Scott,Ironside,1,female,,,,,,
2164,Augustus,Earle,1,male,,,,,,Q663092
2549,William Edward,Miller,1,male,,,,,,
2771,Frederick Stanley,Sheldon,1,male,,,,,,
2658,J H,Phillips,1,,,,,,,
1864,R,Alexander,1,,,,,,,
1404,F,Mitchell,1,,,,,,,
2291,Mrs.,Green,1,female,,,,,,
366,Miss Grace,Beach,1,female,,,,,,
2520,Eliza,May,1,female,,,,,,
1894,Joseph,Backler,1,male,,,,,,Q16153246
835,W,Anderson,1,,,,,,,
2808,E,Sothern,1,,,,,,,
1863,J,Aldwinckle,1,,,,,,,
2343,R,Heighway,1,,,,,,,
2193,G,Fillans,1,,,,,,,
383,Mrs.,Harland,1,female,,,,,,
2704,G,Reid,1,,,,,,,
1778,Harry,Whitton,1,male,,,,,,
7,Mrs.,Carpenter,1,female,,,,,,
1933,G,Bionda,1,,,,,,,
574,F,Fry,1,,,,,,,
1903,Eugen Wilhelm Ernest de,Balk,1,male,,,,,,
2522,,Mayall and Sons,1,,,,,,,
2602,R J,Nicholas,1,,,,,,,
376,,Boroman,1,,,,,,,
155,,Baldock Brothers,1,male,,,,,,
984,Elizabeth,Chard,1,female,,,,,,
856,,Aytoun & Williams,1,,,,,,,
2051,,"Clarson, Shallard & Co.",1,,,,,,,
996,William (Clarson) (Alfred Massina),Clarson & Massina,1,male,,,,,,
1516,,Power,1,,,,,,,
2023,William,Causton,1,male,,,,,,
2050,Marcus,Clarke,1,male,,,,,,
683,A R,Winkler,1,,,,,,,
2779,W,Silvester,1,,,,,,,
2340,,Hayes,1,,,,,,,
380,Therese,Seton,1,female,,,,,,
161,Robert,Henderson,1,male,,,,,,
1387,F,Maurice,1,,,,,,,
2754,J,Schmidt,1,,,,,,,
1892,,Australian Museum,1,,,,,,,
2621,,"Oakden, Addison & Kemp",1,,,,,,,
175,W,Richardson,1,,,,,,,
278,W M,Tweedie,1,,,,,,,
2274,M V,Good,1,,,,,,,
2820,R S,Stillman,1,,,,,,,
1469,,O'Connor,1,,,,,,,
1305,John Downie,Lawson,1,male,,,,,,
1515,Charles,Potter,1,male,,,,,,
2494,William,Macintosh,1,male,,,,,,
2764,John Richard,Setright,1,male,,,,,,
2035,J,Chase,1,,,,,,,
2872,Miss A,Tuckett,1,female,,,,,,
1134,Mrs. St. John,George,1,female,,,,,,
2377,Mrs. E E,Howell,1,female,,,,,,
374,Lily J,Lackersteen,1,female,,,,,,
2464,Charles,Lascelles,1,male,,,,,,
1392,,Mayer,1,,,,,,,
687,Maggie A,Smith,1,female,,,,,,
1798,Mrs.,Windas,1,female,,,,,,
2591,,Negretti and Zambra,1,,,,,,,
283,Lewis B L,Badham,1,male,,,,,,
2428,Jacob William,Jones,1,male,,,,,,
98,,Mollross & Melvin,1,,,,,,,
829,L J,Altman,1,,,,,,,
2284,William,Graham,1,male,,,,,,
2316,W,Ham,1,,,,,,,
140,Miss A A,Ellis,1,female,,,,,,
1763,E,Webster,1,,,,,,,
1063,J M,Doyle,1,,,,,,,
2543,Henry Alfred,Melville,1,male,,,,,,
2518,Thomas,Mathewson,1,male,,,,,,
1006,,Collins Bros.,1,,,,,,,
1842,"Joseph (Reed), A.M (Henderso), F.J.(Smart)","Reed, Henderson & Smart",1,male,,,,,,
2009,Barbara,Brooks,1,female,,,,,,
2249,,Gasak,1,,,,,,,
848,X,Arnoldi,1,,,,,,,
2878,A,Twice,1,,,,,,,
2854,George H,Thomas,1,male,,,,,,
2449,Henry,King,1,male,,,,,,
2711,Miss,Riding,1,female,,,,,,
2929,George,Whitfield,1,male,,,,,,
2211,Thomas,Ford,1,male,,,,,,
1380,G B,Mason,1,,,,,,,
2150,Kate,Doolan,1,female,,,,,,
2536,William,McLeod,1,male,,,,,,
1576,J F,Rowe,1,,,,,,,
1767,J B,Wellings,1,,,,,,,
262,,Hunt and Roskell,1,,,,,,,
1026,George,Crisp,1,male,,,,,,
1043,John W,Davis,1,male,,,,,,
227,Ernest,Leviny,1,male,,,,,,
129,T T,Jones,1,,,,,,,
1188,E,Hanson,1,,,,,,,
791,Harold,Stephen,1,male,,,,,,
1235,Cecil,Holmes,1,female,,,,,,
1816,Mrs.,Wright,1,female,,,,,,
2589,Maria Elizabeth,Nayler,1,female,,,,,,
2389,Captain,Hyde,1,male,,,,,,
2002,J W,Brier,1,,,,,,,
2952,Arthur,Wills,1,male,,,,,,
1024,,Cramer and Penzholz,1,,,,,,,
443,Mrs. J W F,Lynch,1,female,,,,,,
414,Robert M,Kirk,1,male,,,,,,
2815,,Stannaford,1,,,,,,,
1511,Mrs Charles,Pinhey,1,female,,,,,,
1695,J G,Taplin,1,,,,,,,
1889,Charlotte,Atkinson,1,female,,,,,,
2735,,Rowbotham,1,,,,,,,
397,W B,Clarke,1,,,,,,,
849,A,Asher,1,,,,,,,
2660,,Photographic Company of South Australia,1,,,,,,,
2238,H.,Friend,1,,,,,,,
2848,Henry E,Tennant,1,male,,,,,,
502,Alfred H,Massina,1,male,,,,,,
1053,,Dennis and Smith,1,,,,,,,
153,John,Pownceby,1,male,,,,,,
1163,Robert,Grigor,1,male,,,,,,
25,Messrs.,Snelgrove & Thompson,1,,,,,,,
1376,W,Marshall & Co.,1,,,,,,,
1124,James,Gardner,1,male,,,,,,
1260,Richard,Jarman,1,male,,,,,,
20,J,Lorkin,1,,,,,,,
1483,William,Palmer,1,male,,,,,,
224,Shallard & Co.,Clarson,1,,,,,,,
987,A F,Chevreux,1,,,,,,,
2545,Maximilian Emmanuel,Meyers,1,male,,,,,,
2755,,Schuhkrafft and Howell,1,,,,,,,
1384,,"Mason, Firth and Co.",1,,,,,,,
1636,,"Slater, Williams and Hodgson",1,,,,,,,
105,Cyrille Veynet;  Felix Delarue,Veyret & Delarue,1,male,,,,,,
2607,J W,Niven and Co,1,,,,,,,
1234,J L & Co.,Holmes,1,,,,,,,
1775,,Whitehead & Co.,1,,,,,,,
1265,Edward,Jilks,1,male,,,,,,
2218,A.T.W.,Foster,1,,,,,,,
2314,Anastasia,Hall,1,female,,,,,,
2418,John,Johnson,1,,,,,,,
89,,De Gruchy and Lee,1,,,,,,,
1728,W L,Vernon,1,,,,,,,
2129,Eleanor,Davitt,1,female,,,,,,
2557,Eliezer Levi,Monefiore,1,female,,,,,,
1824,Maud,Rattray,1,female,,,,,,
1747,William Wilkinson,Wardell,1,male,,,,,,
2951,Bennett,Willis,1,male,,,,,,
1147,,Goodlett & Smith,1,,,,,,,
2491,,"Lyon, Wells, Cottier & Co.",1,,,,,,,
852,,Ashwin and Falconer,1,,,,,,,
1207,J,Hawkins,1,,,,,,,
720,Frederick K,Atyeo,1,male,,,,,,
2677,Charles,Powis,1,male,,,,,,
93,H.,Button,1,,,,,,,
2058,F,Cochran,1,,,,,,,
2770,lla,Shaw,1,,,,,,,
230,Arthur D,Reilly,1,male,,,,,,
168,A N,Caddan,1,,,,,,,
1828,Mrs. F J,Drake,1,female,,,,,,
390,Constance,Wood,1,female,,,,,,
352,Miss Madge,Darby,1,female,,,,,,
1210,Miss Heather,Henderson,1,female,,,,,,
1325,Miss Edith,London,1,female,,,,,,
2919,Min,Webster,1,,,,,,,
2105,R,Curtis,1,,,,,,,
2395,,Inskip and Robertson,1,,,,,,,
2850,J,Tensfield,1,,,,,,,
709,J G,Sutherland,1,,,,,,,
1093,S C (Miss),Fenton,1,female,,,,,,
2261,M J,Gibbs,1,,,,,,,
1940,,Blacklock,1,,,,,,,
2823,George Hull,Strafford,1,male,,,,,,
431,Miss Rosa,Barnet,1,female,,,,,,
387,W M,Cooper,1,,,,,,,
1656,J L,Spark,1,,,,,,,
2551,Miss L,Mitchell,1,female,,,,,,
2634,George W,Oxley,1,male,,,,,,
945,Charlotte,Bubb,1,female,,,,,,
1855,John,Abbott,1,male,,,,,,
432,Leslie,Hughes,1,,,,,,,
2454,,Klengal,1,,,,,,,
2888,Conrad,Wagner,1,male,,,,,,
2847,Frederick,Templer,1,male,,,,,,
1606,Julius Ludwig,Schomburgk,1,male,,,,,,
2698,David G,Reed,1,male,,,,,,
2228,F G,Franke,1,,,,,,,
2467,,Lawrence & Co.,1,,,,,,,
381,John Hubert,Plunkett,1,male,,,,,,
994,T,Clarke,1,,,,,,,
2512,Albin,Martin,1,,,,,,,
462,W,Warde,1,,,,,,,
2840,J,Tanner,1,,,,,,,
1898,Ann,Bailey,1,female,,,,,,
1114,R,Fox,1,,,,,,,
2206,Mrs.A.E.,Floyd,1,female,,,,,,
1128,T,Gason,1,,,,,,,
2460,Francis Peter,Labilliere,1,male,,,,,,
1141,John,Glass,1,male,,,,,,
1281,Mary Frances,Kater,1,female,,,,,,
2245,,Gale,1,,,,,,,
391,Charles E,"Johnson, R.I.",1,male,,,,,,
2786,Sophia,Sinnett,1,female,,,,,,
1535,George,Ranken,1,male,,,,,,
2102,Ann (Annie) Rebecca,Crouch,1,female,,,,,,
1808,John,Woodhouse,1,male,,,,,,
2891,J,Waldren,1,,,,,,,
2581,S,Murray,1,,,,,,,
1960,F Joseph,Boyd,1,male,,,,,,
2046,James,Clarke,1,male,,,,,,
2144,Isabel,Dickson,1,female,,,,,,
448,Miss Lucy,Windeyer,1,female,,,,,,
2259,John,Gibbs,1,male,,,,,,
496,J W,McComas,1,,,,,,,
2869,Ellen,Trestrail,1,female,,,,,,
442,Nellie,McKay,1,female,,,,,,
2553,James Sutherland,Mitchell,1,male,,,,,,
2420,W B,Johnson,1,,,,,,,
324,Miss E M,a'Beckett,1,female,,,,,,
499,William,Hunt,1,male,,,,,,
963,Rev. Joseph,Campbell,1,male,,,,,,
2248,Andrew,Garran,1,male,,,,,,
1820,G,Young,1,,,,,,,
1714,Grenville P.,Tregarthen,1,,,,,,,
2006,G,Bromley,1,,,,,,,
2938,Caroline,Wilkie,1,female,,,,,,
312,Christopher,Cutter,1,male,,,,,,
2488,A,Lueben,1,,,,,,,
2115,M J,Daniel,1,,,,,,,
1928,Amie,Benham,1,,,,,,,
2074,,Coltman,1,,,,,,,
2577,,Munday,1,,,,,,,
2010,Elizabeth,Brown,1,female,,,,,,
147,J C Fitzjohn,Hall,1,,,,,,,
1327,Mrs.,L'Oste,1,female,,,,,,
2860,Mrs A C,Thunder,1,female,,,,,,
885,Mrs Harriet,Beam,1,female,,,,,,
2627,Thomas S,Officer,1,male,,,,,,
2315,,Hall and Thomas,1,,,,,,,
983,Alice Ellen,Charbonnet-Kellermann,1,female,,,,,,
2790,Alfred C,Smart,1,male,,,,,,
1639,,Sleayer,1,,,,,,,
2533,Mrs. S,McGowan,1,female,,,,,,
415,Jefferson,Jackson,1,male,,,,,,
1577,,Royal Society of New South Wales,1,,,,,,,
48,Miss,Piper,1,female,,,,,,
2763,Alfred,Sells,1,male,,,,,,
880,James,Basham,1,male,,,,,,
2538,Master,Meakin,1,male,,,,,,
2760,,Mackennal and Scurry,1,,,,,,,
1383,Walter George,Mason,1,male,,,,,,
19,Richard,Lamb,1,male,,,,,,
2117,Otto,Darth,1,male,,,,,,
201,Emil,Todt,1,male,,,,,,
2251,Ella,Gaunt,1,female,,,,,,
2452,Mary,Kipling,1,female,,,,,,
824,Alice Bailey,Alford,1,female,,,,,,
1990,Donald,Campbell,1,male,,,,,,
1159,Mrs. J W,Graves,1,female,,,,,,
2294,Charles Dickson,Gregory,1,male,,,,,,
205,Richard,Cumming,1,male,,,,,,
1677,Andrew,Stombucko,1,male,,,,,,
2174,Arthur,Esam,1,male,,,,,,
1876,J R,Anderson,1,,,,,,,
1418,John,Moore,1,male,,,,,,
1965,Samuel Charles,Brees,1,male,,,,,,
912,Charles R,Blyth,1,male,,,,,,
427,J S A,Robertson,1,,,,,,,
1869,Mary Anne,Allport,1,female,,,,,,
2884,Leopold,Verguet,1,male,,,,,,
2827,Jno.,Summers,1,,,,,,,
2826,Thomas Peter Anderson,Stuart,1,male,,,,,,
2057,,Clyte,1,,,,,,,
2067,,Colins,1,,,,,,,
2188,Thomas,Felton,1,male,,,,,,
2250,John,Gaul,1,male,,,,,,
2362,C,Hoby,1,,,,,,,
2593,William,Nelson,1,male,,,,,,
1291,James,King,1,male,,,,,,
1909,,Barrett,1,,,,,,,
2526,George Gordon,McCrea,1,male,,,,,,
1583,Marian Ellis,Ryan,1,female,,,,,,
1266,Angela,Johnston,1,female,,,,,,
517,Miss,Watson,1,female,,,,,,
2515,Joseph,Masters,1,male,,,,,,
2459,Mrs. P P,Labertouche,1,female,,,,,,
1308,,Lee and Richardson,1,,,,,,,
1900,,Baker,1,,,,,,,
927,Miss,Bray,1,female,,,,,,
2322,Capt P H,Harcourt,1,,,,,,,
531,R W,Sawers,1,,,,,,,
877,M J,Barry,1,,,,,,,
1890,William,Austin,1,male,,,,,,
2110,J N,Dallimore,1,,,,,,,
2208,S M,Folk,1,,,,,,,
2857,Edward,Thomson,1,male,,,,,,
94,Mrs.,Scott,1,female,,,,,,
2924,Joseph,Wheeler,1,male,,,,,,
1919,Charles,Bayliss,1,male,,,,,,
403,Joseph Gardner,Stutterd,1,male,,,,,,
2159,,Dufty and Carolin,1,,,,,,,
1829,Emily,"Du Cane

Du Cane",1,female,,,,,,
2108,Miss J,Daish,1,female,,,,,,
2027,William,Champ,1,male,,,,,,
304,F B,Franklyn,1,,,,,,,
2127,Mrs.,Davis,1,female,,,,,,
2379,N,Hoyte,1,,,,,,,
695,J Armstrong,Neame,1,,,,,,,
1978,,Burnett,1,,,,,,,
2447,J,King,1,,,,,,,
2404,,J.C.C.,1,,,,,,,
716,Nelly,Boobier,1,female,,,,,,
1865,,Adam,1,,,,,,,
1932,Miss,Bignell,1,female,,,,,,
1055,Arthur,Dewhurst,1,male,,,,,,
1343,Ronald,Macdonald,1,male,,,,,,
2570,Lillian B.,Morrison,1,female,,,,,,
2610,,Noble,1,,,,,,,
2236,Miss H,Freer,1,female,,,,,,
1805,Edmund B,Woodhouse,1,male,,,,,,
2014,Nelvet,Bruchell,1,,,,,,,
1104,J,Fliert,1,,,,,,,
1693,R W,Synnott,1,,,,,,,
1989,,Calvert and Co.,1,,,,,,,
2470,,Lee & Richardson,1,,,,,,,
865,J W,Bailliere,1,,,,,,,
478,C,Thornley,1,,,,,,,